Date,Open,High,Low,Close,Volume,return,log_return,volatility_20d,rsi_14,macd,macd_signal,macd_histogram,atr_14,volume_change,volume_ma_20
2022-02-01,17529.44921875,17622.400390625,17244.55078125,17576.849609375,386400,0.013667938611870323,0.013575374822651254,0.010512102633729849,60.680331083427134,-117.23688505560494,-45.52013370120383,-71.71675135440111,290.67448603006267,0.2011190550202051,281070.0
2022-02-02,17706.19921875,17794.599609375,17674.80078125,17780.0,271200,0.011557838585399605,0.01149155699474709,0.010585981237349901,64.07412807562325,-88.39417506475729,-54.09494197391453,-34.29923309084276,285.4655941707725,-0.2981366459627329,282260.0
2022-02-03,17767.75,17781.150390625,17511.150390625,17560.19921875,226600,-0.012362248664229525,-0.01243929691182117,0.01080387031566046,58.21899260481914,-82.32323468657341,-59.74060051644631,-22.582634170127108,284.36090887286014,-0.1644542772861357,281015.0
2022-02-04,17590.19921875,17617.80078125,17462.55078125,17516.30078125,261400,-0.0024998826581151823,-0.002503012582150695,0.010601842941888413,57.096792084972385,-80.13051305481713,-63.81858302412048,-16.31193003069665,275.1387010962273,0.15357458075904673,282260.0
2022-02-07,17456.30078125,17536.75,17119.400390625,17213.599609375,265000,-0.017281112927623465,-0.017432174227495423,0.011181055156484846,49.947410464978425,-101.64650254640219,-71.38416692857683,-30.262335617825357,285.29662311613964,0.01377199693955622,283545.0
2022-02-08,17279.849609375,17306.44921875,17043.650390625,17266.75,268500,0.0030876976246183574,0.003082940476216172,0.010864720146286224,51.105113716487274,-113.10547736834269,-79.72842901653001,-33.377048351812675,283.6896377596297,0.013207547169811429,285350.0
2022-02-09,17370.099609375,17477.150390625,17339.0,17463.80078125,236400,0.01141215233034587,0.0113475249468573,0.011226832088405062,55.23872413080918,-105.07520469472729,-84.79778415216947,-20.27742054255782,278.4546915357276,-0.11955307262569836,286160.0
2022-02-10,17554.099609375,17639.44921875,17427.150390625,17605.849609375,273600,0.008133901085124018,0.00810099920504003,0.011201614554214928,57.99552764354565,-86.25471184138223,-85.08916969001203,-1.1655421513702038,273.7292727206756,0.15736040609137047,287590.0
2022-02-11,17451.0,17454.75,17303.0,17374.75,253100,-0.01312629691281364,-0.013213208134273142,0.011440686190180242,52.346927980563095,-88.96164825296364,-85.86366540260236,-3.0979828503612765,275.8092967674131,-0.07492690058479534,285060.0
2022-02-14,17076.150390625,17099.5,16809.650390625,16842.80078125,305500,-0.03061622289529342,-0.031094690696753635,0.013083085246604738,42.16643471502421,-132.50335493436796,-95.19160330895548,-37.311751625412484,296.4728905250979,0.2070327933623073,288860.0
2022-02-15,16933.25,17375.0,16839.25,17352.44921875,298700,0.03025912638397754,0.02981034961442144,0.015067220437248716,51.83189215251452,-124.45150213564557,-101.04358307429351,-23.40791906135206,313.5641126304481,-0.022258592471358418,290460.0
2022-02-16,17408.44921875,17490.599609375,17257.69921875,17322.19921875,244500,-0.0017432697608654735,-0.001744791023833279,0.01494863306036655,51.28403916411572,-119.13792513225417,-104.66245148588564,-14.475473646368528,307.8024182014875,-0.18145296283896883,291310.0
2022-02-17,17396.55078125,17442.900390625,17235.849609375,17304.599609375,232100,-0.001016014719190439,-0.001016531212017758,0.014846377907254961,50.94663934443601,-115.02112651697826,-106.73418649210417,-8.286940024874085,300.60587270495273,-0.05071574642126786,289080.0
2022-02-18,17236.05078125,17380.80078125,17219.19921875,17276.30078125,189600,-0.0016353356196504576,-0.0016366742405402451,0.014715362233107494,50.37277583126769,-112.74238880253688,-107.93582695419073,-4.806561848346149,290.676993404599,-0.18311072813442486,285655.0
2022-02-21,17192.25,17351.05078125,17070.69921875,17206.650390625,215200,-0.004031556958107085,-0.004039705592356217,0.014650239977985431,48.912441807015526,-115.22839595586265,-109.39434075452513,-5.83405520133752,289.93946262569904,0.1350210970464134,282535.0
2022-02-22,16847.94921875,17148.55078125,16843.80078125,17092.19921875,300100,-0.006651566067580439,-0.00667378632095619,0.013425559183747392,46.52556843804357,-124.99298625740994,-112.5140698551021,-12.478916402307846,295.14733025064913,0.39451672862453524,281350.0
2022-02-23,17194.5,17220.69921875,17027.849609375,17063.25,200200,-0.0016937094155936583,-0.0016951453630000418,0.01330659529844215,45.915233655257346,-133.52822418588767,-116.71690072125921,-16.811323464628458,287.8403501881028,-0.3328890369876708,275035.0
2022-02-24,16548.900390625,16705.25,16203.25,16247.9501953125,458000,-0.04778103847083648,-0.04896026903082192,0.01707607846563187,32.84656029038244,-203.7318483022318,-134.11989023745372,-69.6119580647781,328.7088966032383,1.2877122877122877,278155.0
2022-02-25,16515.650390625,16748.80078125,16478.30078125,16658.400390625,329800,0.025261660109649586,0.024947858168202962,0.018153681924664582,41.823890341835146,-223.67049152170875,-152.03001049430475,-71.64048102740401,341.00473155568557,-0.27991266375545854,276880.0
2022-02-28,16481.599609375,16815.900390625,16356.2998046875,16793.900390625,404200,0.008134034290366632,0.008101131335537446,0.01794684935083896,44.463391147733695,-225.93386736008324,-166.81078186746046,-59.12308549262278,349.47586401152944,0.22559126743480906,281005.0
2022-03-02,16593.099609375,16678.5,16478.650390625,16605.94921875,517700,-0.011191633122935585,-0.011254730666993663,0.017698966263494122,41.64117346417545,-240.1256784672405,-181.47376118741647,-58.65191727982403,347.03115943927736,0.28080158337456695,287570.0
2022-03-03,16723.19921875,16768.94921875,16442.94921875,16498.05078125,442100,-0.00649757722841704,-0.006518778370608893,0.017386772047926213,40.06882314085428,-257.1154265886071,-196.6020942676546,-60.513332320952486,345.5289337650433,-0.14603051960594937,296115.0
2022-03-04,16339.4501953125,16456.0,16133.7998046875,16245.349609375,456100,-0.015317032007332254,-0.015435549523985674,0.017478327411407063,36.584633046641855,-287.6548905188647,-214.81265351789665,-72.84223700096805,346.86622253629025,0.0316670436552815,307590.0
2022-03-07,15867.9501953125,15944.599609375,15711.4501953125,15863.150390625,585400,-0.02352668473994779,-0.023807855961420165,0.01802978371525548,32.04589715712237,-338.7925291050342,-239.60862863532418,-99.18390046971001,360.2257362167338,0.28349046261784694,323790.0
2022-03-08,15747.75,16028.75,15671.4501953125,16013.4501953125,543600,0.009474776509483585,0.009430172336242727,0.018052047292081777,35.43798128259344,-363.00701902961373,-264.2883067141821,-98.71871231543162,360.01674110750287,-0.07140416809019479,337720.0
2022-03-09,16078.0,16418.05078125,15990.0,16345.349609375,462200,0.020726290088294297,0.020514423015661167,0.0187977807090474,42.2888185190515,-351.36534683414357,-281.7037147381744,-69.66163209596914,364.87631540339555,-0.14974245768947758,347405.0
2022-03-10,16757.099609375,16757.30078125,16447.900390625,16594.900390625,486400,0.01526738719047449,0.015152013456311012,0.018966357538590762,46.85512512115321,-318.3330302640861,-289.0295778433568,-29.303452420729343,368.23880515136733,0.05235828645607965,359905.0
2022-03-11,16528.80078125,16694.400390625,16470.900390625,16630.44921875,343700,0.0021421537513466316,0.0021398626113986923,0.01883653391801444,47.49247468341198,-285.98947936573313,-288.42155814783206,2.4320787820989267,357.90031906912685,-0.2933799342105263,363410.0
2022-03-14,16633.69921875,16887.94921875,16606.5,16871.30078125,314700,0.014482565042708062,0.014378694372337426,0.019046812229983782,51.71737117771322,-238.17672106228565,-278.3725907307228,40.195869668437126,352.4395261891892,-0.08437590922315974,366490.0
2022-03-15,16900.650390625,16927.75,16555.0,16663.0,381600,-0.012346456503312231,-0.012423307208470636,0.01794401989895271,48.11181413923763,-214.61890470132494,-265.62185352484323,51.002948823518295,353.8902743185329,0.21258341277407045,370295.0
2022-03-16,16876.650390625,16987.900390625,16837.849609375,16975.349609375,260000,0.018745100484606647,0.018571576221107083,0.01709976608398588,53.3623903204121,-168.7993486313244,-246.2573525461395,77.4580039148151,351.81956834042336,-0.31865828092243187,368360.0
2022-03-17,17202.900390625,17344.599609375,17175.75,17287.05078125,448300,0.018361988356508263,0.01819544269851146,0.017633100850994465,57.93668486700381,-106.11214599236337,-218.22831123538427,112.1161652430209,353.06459917325026,0.7242307692307692,378550.0
2022-03-21,17329.5,17353.349609375,17096.400390625,17117.599609375,285500,-0.009802202470463706,-0.009850560325581039,0.017767359982625307,54.79050209932349,-69.30645796619865,-188.44394058154717,119.13748261534852,346.19921485730384,-0.3631496765558777,381220.0
2022-03-22,17120.400390625,17334.400390625,17006.30078125,17315.5,338300,0.011561223252155806,0.011494902983443505,0.017966346341424383,57.680874175712205,-23.893349770871282,-155.533822419412,131.6404726485407,344.90638589428215,0.18493870402802104,388655.0
2022-03-23,17405.05078125,17442.400390625,17199.599609375,17245.650390625,292100,-0.0040339354552280104,-0.004042093720190609,0.017966375403525348,56.31241995382874,6.386961027699726,-123.14966572998966,129.5366267576894,337.61312841969055,-0.13656517883535324,392500.0
2022-03-24,17094.94921875,17291.75,17091.150390625,17222.75,290300,-0.0013278937068936791,-0.0013287761390126268,0.017899735241297263,55.84463794793272,28.211253586094244,-92.8774818667729,121.08873545286714,327.82644848792694,-0.006162273194111556,392010.0
2022-03-25,17289.0,17294.900390625,17076.55078125,17153.0,237100,-0.004049875890900112,-0.004058098847076208,0.0179219409154104,54.363376404349644,39.4244599656231,-66.41709350029369,105.84155346591679,320.006674265575,-0.1832586978987255,393855.0
2022-03-28,17181.849609375,17235.099609375,17003.900390625,17222.0,253200,0.004022619949862971,0.004014550846285441,0.013675996183484166,55.617531603428944,53.26472752832342,-42.480729294570274,95.74545682289369,313.66328458589106,0.06790383804301992,383615.0
2022-03-29,17297.19921875,17343.650390625,17235.69921875,17325.30078125,235100,0.005998187274997013,0.00598026976240216,0.012689479797406414,57.50057375883099,71.74175472099887,-19.636232491456447,91.37798721245531,299.94807787439885,-0.07148499210110582,378880.0
2022-03-30,17468.150390625,17522.5,17387.19921875,17498.25,505000,0.009982465582194733,0.009932969892759297,0.012742618636500919,60.52065231863565,99.19700709735844,4.130415426306531,95.06659167105191,292.6088736512275,1.148022118247554,383920.0
2022-03-31,17519.19921875,17559.80078125,17435.19921875,17464.75,281100,-0.001914477162001882,-0.001916312115762529,0.012395644905108166,59.636638176764336,116.90471756775514,26.685275854596256,90.21944171315889,280.6083514261398,-0.4433663366336633,372090.0
2022-04-01,17436.900390625,17703.69921875,17422.69921875,17670.44921875,291800,0.011777965258592316,0.01170914487476482,0.012366068451554428,63.191899563859195,145.85508689564085,50.51923806280518,95.33584883283567,280.63632632427266,0.038064745642120146,364575.0
2022-04-04,17809.099609375,18114.650390625,17791.400390625,18053.400390625,345500,0.021671841339984343,0.0214403456403388,0.01215200988717962,68.71643633851126,197.4236453859121,79.90011952742657,117.52352585848553,292.31952957789605,0.18403015764222075,359045.0
2022-04-05,18080.599609375,18095.44921875,17921.55078125,17957.400390625,283500,-0.005317557796472028,-0.005331746328175393,0.010400726716381606,66.0405026492767,227.91840038101873,109.503775698145,118.41462468287372,283.86088014376065,-0.1794500723589001,343950.0
2022-04-06,17842.75,17901.0,17779.849609375,17807.650390625,328800,-0.008339180323571727,-0.008374145812508964,0.010861461128863142,61.985552876582034,237.2670728087396,135.05643512026393,102.21063768847569,276.26730165134916,0.1597883597883598,333210.0
2022-04-07,17723.30078125,17787.5,17623.69921875,17639.55078125,308800,-0.00943974110495216,-0.009484577848941177,0.010721746074383878,57.7024921120588,228.47797754916246,153.74074360604365,74.73723394311881,269.67329238160994,-0.06082725060827254,325540.0
2022-04-08,17698.150390625,17842.75,17600.55078125,17784.349609375,274400,0.008208759390795572,0.008175250776633796,0.010443183198831158,60.25037696649621,230.53910028682367,169.10041494219968,61.43868534462399,267.71085855078064,-0.1113989637305699,314940.0
2022-04-11,17740.900390625,17779.05078125,17650.94921875,17674.94921875,251700,-0.006151497975913078,-0.006170496392137639,0.01066156763857927,57.43534852627696,220.79961713642479,179.4402553810447,41.35936175538009,258.1172536989392,-0.0827259475218659,310340.0
2022-04-12,17584.849609375,17595.30078125,17442.349609375,17530.30078125,266000,-0.008183810641252287,-0.008217481851263662,0.010594443494984309,53.85265471977263,199.11382629623768,183.3749695640833,15.738856732154375,256.2945648186578,0.05681366706396496,307905.0
2022-04-13,17599.900390625,17663.650390625,17457.400390625,17475.650390625,245100,-0.0031174816283502382,-0.0031223510971550208,0.010125655822609153,52.519695572269676,175.494855573339,181.79894676593443,-6.304091192595422,252.71995304589655,-0.07857142857142863,301080.0
2022-04-18,17183.44921875,17237.75,17067.849609375,17173.650390625,376100,-0.017281188010147552,-0.017432250630348714,0.010294755185970925,45.77670426103513,130.89885451610462,171.6189283159685,-40.72007379986388,263.79715506047535,0.5344757241942064,306885.0
2022-04-19,17258.94921875,17275.650390625,16824.69921875,16958.650390625,401400,-0.012519178806467801,-0.012598203971631295,0.00981312112015509,41.67450243430127,77.31624565911261,152.75839178459734,-75.44214612548473,277.1652991186557,0.0672693432597713,304540.0
2022-04-20,17045.25,17186.900390625,16978.94921875,17136.55078125,286100,0.010490244596548015,0.010435603778864927,0.009893776924207152,45.987598342064395,48.64595654000004,131.93590473567787,-83.28994819567782,273.6713491816089,-0.28724464374688585,304570.0
2022-04-21,17234.599609375,17414.69921875,17215.5,17392.599609375,285200,0.014941678252146096,0.014831150992767859,0.01012228956629764,51.541878843640184,46.0546569775579,114.75965518405388,-68.70499820649599,273.99114120435115,-0.0031457532331352622,301915.0
2022-04-22,17242.75,17315.30078125,17149.19921875,17171.94921875,262700,-0.012686452605167986,-0.012767612798961313,0.010496860151006197,47.05158115522285,25.897856564217363,96.98729546008659,-71.08943889586922,271.8060875915404,-0.07889200561009813,300445.0
2022-04-25,17009.05078125,17054.30078125,16888.69921875,16953.94921875,275700,-0.012695122564301942,-0.012776394201003337,0.010866444835653206,43.06016463524195,-7.579954090837418,76.07384554990179,-83.65379964073921,272.6235099064304,0.04948610582413404,299715.0
2022-04-26,17121.30078125,17223.849609375,17064.44921875,17200.80078125,261100,0.014560121616207233,0.014455140840464372,0.011350819148825745,48.398203374080786,-14.030764244049351,58.052923591111565,-72.08368783516092,272.42900138632825,-0.05295611171563297,300915.0
2022-04-27,17073.349609375,17110.69921875,16958.44921875,17038.400390625,265100,-0.009441443610115341,-0.00948629657994312,0.011508572230916912,45.38379429892999,-31.879939949627442,40.06635088296376,-71.9462908325912,270.2806128944477,0.015319800842588993,301510.0
2022-04-28,17189.5,17322.5,17071.05078125,17245.05078125,312900,0.012128508890934642,0.012055547873445796,0.011766894009198375,49.678745668648425,-29.0161012651115,26.249860453348713,-55.26596171846022,271.26768407163,0.18030931723877774,305400.0
2022-04-29,17329.25,17377.650390625,17053.25,17102.55078125,336200,-0.008263240381694681,-0.008297570200330234,0.01164347643977257,46.9376667491258,-37.80920655484806,13.438047051709361,-51.24725360655742,275.06287739687076,0.07446468520294025,296960.0
2022-05-02,16924.44921875,17092.25,16917.25,17069.099609375,278200,-0.0019559171203674675,-0.0019578324241160947,0.01164362515326704,46.291956602546215,-46.93598701341398,1.3632402386846945,-48.299227252098675,268.6512991006657,-0.17251635930993459,296815.0
2022-05-04,17096.599609375,17132.849609375,16623.94921875,16677.599609375,310600,-0.022936183451936376,-0.023203310190181764,0.01221786994772576,39.451504630392655,-84.78248467168305,-15.865904743388853,-68.9165799282942,285.811948495261,0.11646297627606028,297755.0
2022-05-05,16854.75,16945.69921875,16651.849609375,16682.650390625,265800,0.00030284821366977077,0.00030280236440618743,0.010838725643380523,39.57555652353306,-113.06520559002456,-35.305764912716,-77.75944067730856,286.3860671295281,-0.14423696072118475,293770.0
2022-05-06,16415.55078125,16484.19921875,16340.900390625,16411.25,300500,-0.0162684216398562,-0.016402205362178027,0.011190082397780559,35.38082138335925,-155.58571376006512,-59.361754682185826,-96.2239590778793,290.3406337631332,0.13054928517682463,294620.0
2022-05-09,16227.7001953125,16403.69921875,16142.099609375,16301.849609375,288400,-0.006666182687180999,-0.0066885009232451696,0.011165702506668162,33.82449074285422,-195.8535423333451,-86.66011221241769,-109.19343012092742,288.8270449675523,-0.040266222961730436,292600.0
2022-05-10,16248.900390625,16404.55078125,16197.2998046875,16240.0498046875,283100,-0.003790968888092272,-0.003798172823006312,0.011102101817678185,32.94293622505468,-230.1003606227132,-115.34816189447679,-114.75219872823641,283.00018293862,-0.01837725381414701,291315.0
2022-05-11,16270.0498046875,16318.75,15992.599609375,16167.099609375,284300,-0.0044919933245182175,-0.004502112641840228,0.010717619593960847,31.88648701292378,-260.12907588150483,-144.30434469188242,-115.82473118962241,286.0823406305043,0.004238784881667179,291810.0
2022-05-12,16021.099609375,16041.9501953125,15735.75,15808.0,314900,-0.022211752141785834,-0.022462147872579268,0.011425632992385304,27.253311473236025,-309.33753586766034,-177.310982927038,-132.02655294062234,296.458574112254,0.1076327822722476,294970.0
2022-05-13,15977.0,16083.599609375,15740.849609375,15782.150390625,369100,-0.0016352232651188903,-0.0016365617019766783,0.011440479505298628,26.949747301445342,-346.4280356261297,-211.13439346685635,-135.29364215927336,299.76510453280724,0.17211813274055254,300125.0
2022-05-16,15845.099609375,15977.9501953125,15739.650390625,15842.2998046875,217600,0.0038112305721171857,0.003803986233609079,0.011611907320798259,28.93336993303228,-366.74140228517535,-242.25579523052016,-124.48560705465519,295.37472597242817,-0.4104578704958006,298750.0
2022-05-17,15912.599609375,16284.25,15900.7998046875,16259.2998046875,295700,0.026321935902047233,0.025981475212963467,0.01310846347517398,40.91243129511611,-345.21208667861356,-262.84705352013884,-82.36503315847472,305.8444023538619,0.35891544117647056,294730.0
2022-05-18,16318.150390625,16399.80078125,16211.2001953125,16240.2998046875,290400,-0.0011685620062508173,-0.0011692453072036017,0.012903396199550419,40.57681943541115,-325.92601790790286,-275.4628463976917,-50.46317151021117,297.4698440384075,-0.01792357118701382,289180.0
2022-05-19,15917.400390625,15984.75,15775.2001953125,15809.400390625,313900,-0.026532725334179386,-0.026891070897403772,0.013662204114271197,33.80416120381089,-341.47533588560145,-288.66534429527366,-52.8099915903278,309.44339870530695,0.0809228650137741,290570.0
2022-05-20,16043.7998046875,16283.0498046875,16003.849609375,16266.150390625,252400,0.028891038794289337,0.02848156086057151,0.014935677319146221,44.39811365821236,-313.33049571558877,-293.5983745793367,-19.73212113625209,321.1723998022493,-0.1959222682382924,288930.0
2022-05-23,16290.9501953125,16414.69921875,16185.75,16214.7001953125,293800,-0.0031630222318707046,-0.0031680351601504043,0.014770363196101102,43.55257336938233,-291.8132661974487,-293.2413529029591,1.4280867055103954,314.5850297270886,0.16402535657686212,290485.0
2022-05-24,16225.5498046875,16262.7998046875,16078.599609375,16125.150390625,249800,-0.005522754266735541,-0.005538061057189644,0.014602525848303757,42.05146109531231,-278.77310479851076,-290.34770328206946,11.574598483558702,305.27182726890373,-0.14976174268209663,289190.0
2022-05-25,16196.349609375,16223.349609375,16006.9501953125,16025.7998046875,243300,-0.006161219184365629,-0.006180277818558741,0.014059964058718455,40.388259230427224,-273.30495551745116,-286.9391537291458,13.634198211694638,298.9237977541606,-0.026020816653322676,288300.0
2022-05-26,16105.0,16204.4501953125,15903.7001953125,16170.150390625,314300,0.009007387318995308,0.008967062770830264,0.014253217379246348,43.862423389120096,-254.39106013109267,-280.4295350095352,26.038474878442514,299.0542407717206,0.2918207973695026,290760.0
2022-05-27,16296.599609375,16370.599609375,16221.9501953125,16352.4501953125,274100,0.011273847198922216,0.011210771015034579,0.014208635196728766,47.98527033586693,-222.13100314242365,-268.7698286361129,46.63882549368924,292.0110249130263,-0.12790327712376715,288820.0
2022-05-30,16527.900390625,16695.5,16506.150390625,16661.400390625,251400,0.018893205092962884,0.018716945110386057,0.014910930959045176,54.13320071713635,-169.67902264896838,-248.95166743868398,79.2726447897156,295.65665203977443,-0.08281649033199567,284580.0
2022-05-31,16578.44921875,16690.75,16521.900390625,16584.55078125,651600,-0.004612433983534836,-0.004623104079880039,0.014928956397412775,52.471829524353666,-132.78095523074262,-225.71752499709572,92.9365697663531,286.5990061351477,1.5918854415274462,303250.0
2022-06-01,16594.400390625,16649.19921875,16438.849609375,16522.75,249600,-0.0037264067061659745,-0.003733367056413342,0.01404365650160462,51.11328539321825,-107.28901652437526,-202.03182330255166,94.7428067781764,281.15262065228,-0.6169429097605893,300200.0
2022-06-02,16481.650390625,16646.400390625,16443.05078125,16628.0,236000,0.006370004993115463,0.006349802260260305,0.014125941529966737,53.32945619011982,-77.69802162309861,-177.16506296666105,99.46704134356244,275.59526270390285,-0.054487179487179516,298710.0
2022-06-03,16761.650390625,16793.849609375,16567.900390625,16584.30078125,245500,-0.002628050201467391,-0.0026315095876877827,0.01361932002164268,52.26995666209023,-57.114723733233404,-153.15499511997555,96.04027138674215,272.04911670719554,0.0402542372881356,295960.0
2022-06-06,16530.69921875,16610.94921875,16444.55078125,16569.55078125,233600,-0.0008893953501298846,-0.0008897910968418909,0.01351903841007363,51.895187601901576,-41.513966426547995,-130.82678938129004,89.31282295474205,264.5026396209673,-0.04847250509164969,293220.0
2022-06-07,16469.599609375,16487.25,16347.099609375,16416.349609375,233800,-0.009245946006475991,-0.009288955076891798,0.013672519870868934,48.0422688637934,-41.039233342376974,-112.86927817350744,71.83004483113046,261.49896335339815,0.0008561643835616195,290755.0
2022-06-08,16474.94921875,16514.30078125,16293.349609375,16356.25,243500,-0.0036609606157923524,-0.003667678332650513,0.013657589476265625,46.58120980190649,-44.993878729790595,-99.29419828476406,54.30031955497347,258.6026925335126,0.04148845166809245,288715.0
2022-06-09,16263.849609375,16492.80078125,16243.849609375,16478.099609375,205000,0.00744972774168895,0.007422115570615706,0.012597390572181854,49.90745697231053,-37.85930010904849,-87.00721864962095,49.14791854057246,257.9132982007617,-0.1581108829568788,283220.0
2022-06-10,16283.9501953125,16324.7001953125,16172.599609375,16201.7998046875,189700,-0.016767698414100085,-0.01690986774485526,0.013278794107928617,43.320365396786514,-53.87909557945022,-80.38159403558682,26.502498456136593,261.31234832927873,-0.07463414634146337,274250.0
2022-06-13,15877.5498046875,15886.150390625,15684.0,15774.400390625,225500,-0.026379749115209128,-0.026733937520215956,0.014660986321727494,35.51227572948794,-99.91075075264598,-84.28742537899865,-15.623325373647333,279.63288092629455,0.18871903004744328,274645.0
2022-06-14,15674.25,15858.0,15659.4501953125,15732.099609375,225400,-0.00268160945598539,-0.0026852114114221596,0.013303575726795197,34.84290580200705,-138.21127509628786,-95.0721953224565,-43.13907977383137,273.8412326235235,-0.00044345898004438666,271130.0
2022-06-15,15729.25,15783.650390625,15678.900390625,15692.150390625,183000,-0.0025393443813560568,-0.0025425739848417965,0.013304518258128376,34.18751578354198,-169.8305834128587,-110.02387294053693,-59.806710472321754,261.76328743612896,-0.1881100266193434,265760.0
2022-06-16,15832.25,15863.150390625,15335.099609375,15360.599609375,264700,-0.021128447854290244,-0.021354848179315097,0.01280125404287974,29.267198998632708,-219.11664987555378,-131.84242832754032,-87.27422154801346,280.7838227085483,0.44644808743169406,263300.0
2022-06-17,15272.650390625,15400.400390625,15183.400390625,15293.5,342600,-0.00436829362663993,-0.004377862497838008,0.010694114363964356,28.37708044869329,-260.5867089645526,-157.59128445494278,-102.99542450960982,276.22783537222347,0.2942954287873063,267810.0
2022-06-20,15334.5,15382.5,15191.099609375,15350.150390625,260000,0.0037042135956451006,0.0036973698916184226,0.010800891641045236,30.304339222673363,-285.5887274150282,-183.19077304695986,-102.39795436806833,270.1687321759932,-0.2410974897840047,266120.0
2022-06-21,15455.9501953125,15707.25,15419.849609375,15638.7998046875,262800,0.018804337854487096,0.018629721921802747,0.011778974932164319,39.27110535115256,-278.8964669320376,-202.33191182397542,-76.56455510806217,276.37808054735086,0.010769230769230864,266770.0
2022-06-22,15545.650390625,15565.400390625,15385.9501953125,15413.2998046875,220900,-0.014419265085317434,-0.01452423294963793,0.012095809761834194,35.4355374450775,-288.4635395800433,-219.558237375189,-68.90530220485428,274.6974754636115,-0.15943683409436837,265650.0
2022-06-23,15451.5498046875,15628.4501953125,15367.5,15556.650390625,259200,0.009300447519609234,0.009257464658604653,0.01210976890149037,39.48202795892269,-281.23640115733906,-231.89387013161902,-49.342531025720035,273.7155268813893,0.17338162064282492,262895.0
2022-06-24,15657.400390625,15749.25,15619.4501953125,15699.25,219600,0.009166472588529428,0.009124715461734611,0.01199907105239192,43.28962558817546,-260.99367257223093,-237.71383061974143,-23.279841952489505,267.9215327737901,-0.1527777777777778,260170.0
2022-06-27,15926.2001953125,15927.4501953125,15815.5,15832.0498046875,210900,0.008458990377725017,0.008423413606869335,0.01125995947265286,46.65566189436916,-231.56598145415774,-236.4842607866247,4.918279332466966,265.08429438369797,-0.0396174863387978,258145.0
2022-06-28,15757.4501953125,15892.099609375,15710.150390625,15850.2001953125,251900,0.0011464333961117568,0.0011457767431705531,0.011278012419444382,47.117659972507504,-204.42327512713018,-230.0720636547258,25.648788527595627,259.1460746955767,0.19440493124703662,238160.0
2022-06-29,15701.7001953125,15861.599609375,15687.7998046875,15799.099609375,444900,-0.0032239710103227903,-0.003229179201912245,0.011275119362960996,45.91206006713706,-184.90441206675678,-221.03853333713204,36.13412127037526,253.04991255214267,0.7661770543866613,247925.0
2022-06-30,15774.5,15890.0,15728.849609375,15780.25,306000,-0.001193081241402827,-0.0011937935294284723,0.01109744798352467,45.45008835697342,-169.00835529362303,-210.63249772843022,41.6241424348072,246.4856609859182,-0.3122049898853675,251425.0
2022-07-01,15703.7001953125,15793.9501953125,15511.0498046875,15752.0498046875,364100,-0.0017870563085186086,-0.0017886549985601772,0.011098988027005739,44.72502880987453,-156.87774684622673,-199.8815475519895,43.003800705762785,249.08671310299547,0.18986928104575163,257355.0
2022-07-04,15710.5,15852.349609375,15661.7998046875,15835.349609375,304300,0.005288188249805481,0.005274254882250374,0.011233000360653056,47.39462523885878,-138.9409296334943,-187.6934239682905,48.75249433479618,244.9055053590315,-0.1642405932436144,260890.0
2022-07-05,15909.150390625,16025.75,15785.4501953125,15810.849609375,254200,-0.0015471713984448465,-0.0015483695040555473,0.011110981827974566,46.680524310329716,-125.25891125162707,-175.20652142495783,49.94761017333076,244.57652673963642,-0.16464015773907326,261910.0
2022-07-06,15818.2001953125,16011.349609375,15800.900390625,15989.7998046875,288400,0.011318189707300252,0.01125461822453212,0.011479467464701127,52.330212691561684,-98.83669994458978,-159.93255712888424,61.09585718429446,242.1388618832338,0.13453973249409912,264155.0
2022-07-07,16113.75,16150.5,16045.9501953125,16132.900390625,264600,0.00894949203151052,0.00890968266712923,0.01154246162140263,56.31634332956816,-65.59376172389602,-141.0647980478866,75.47103632399057,236.32181427103853,-0.08252427184466016,267135.0
2022-07-08,16273.650390625,16275.5,16157.900390625,16220.599609375,281100,0.005436047866567373,0.005421325887187373,0.010995529088512408,58.601080841547336,-31.80526832621399,-119.21289210355208,87.40762377733809,229.62737106417865,0.06235827664399096,271705.0
2022-07-11,16136.150390625,16248.5498046875,16115.5,16216.0,255900,-0.00028356592763323363,-0.00028360614005298526,0.009015951250040349,58.42847646695866,-5.337269194684268,-96.43776752177853,91.10049832709426,222.7289734658445,-0.08964781216648876,273225.0
2022-07-12,16126.2001953125,16158.75,16031.150390625,16058.2998046875,208600,-0.0097249750439381,-0.009772571447684876,0.009318373559025482,52.69745806083761,2.880518181953448,-76.57411038103214,79.45462856298559,220.02330460221276,-0.18483782727627984,272385.0
2022-07-13,16128.2001953125,16140.0,15950.150390625,15966.650390625,233300,-0.005707292501522909,-0.0057236413300785416,0.009409198891218707,49.649531220517666,1.9750647976143227,-60.86427534530285,62.83934014291717,217.86804065741188,0.11840843720038352,274900.0
2022-07-14,16018.849609375,16070.849609375,15858.2001953125,15938.650390625,228600,-0.0017536552323109689,-0.0017551946856914542,0.007867261927280215,48.72236782027223,-0.9904620966390212,-48.88951269557009,47.89905059893107,217.49528161491818,-0.02014573510501505,273095.0
2022-07-15,16010.7998046875,16066.9501953125,15927.2998046875,16049.2001953125,205800,0.0069359576863876615,0.006912014580365188,0.007801866815987116,52.49436119489453,5.516194552126763,-38.00837124603072,43.52456579815748,211.93493225849548,-0.09973753280839892,266255.0
2022-07-18,16151.400390625,16287.9501953125,16142.2001953125,16278.5,227700,0.014287304158276504,0.014186202470718856,0.008233441429527014,59.19858590124364,28.8428621630992,-24.638124564204738,53.480986727303936,213.8502942400315,0.10641399416909625,264640.0
2022-07-19,16187.0498046875,16359.5,16187.0498046875,16340.5498046875,222600,0.003811764271124396,0.003804517906147779,0.0073680448077152365,60.810331193698296,51.73988972895495,-9.3625217055728,61.10241143452775,210.8931443166364,-0.022397891963109373,262630.0
2022-07-20,16562.80078125,16588.0,16490.94921875,16520.849609375,284400,0.01103388850696918,0.010973459265845803,0.006474683435022478,65.12170750767068,83.47241836982175,9.204466309506113,74.26795206031564,213.5043622449124,0.27762803234501354,265805.0
2022-07-21,16523.55078125,16626.94921875,16483.900390625,16605.25,243600,0.005108719746296009,0.005095714512164849,0.006344446515733043,66.95440904728338,114.11562817113008,30.186698681830908,83.92892948929918,208.47182409349008,-0.14345991561181437,265025.0
2022-07-22,16661.25,16752.25,16610.900390625,16719.44921875,190900,0.006877295960614926,0.006853755230166662,0.006253661348375564,69.30465044783757,145.93328716735596,53.33601637893592,92.59727078842003,204.08097951538366,-0.2163382594417077,263590.0
2022-07-25,16662.55078125,16706.05078125,16564.25,16631.0,211400,-0.005290199311757782,-0.005304241963650273,0.006395907107135296,65.42360294170413,162.1428169402716,75.09737649120306,87.04544044906852,200.58942517499912,0.10738606600314293,263615.0
2022-07-26,16632.900390625,16636.099609375,16463.30078125,16483.849609375,208200,-0.00884795806776506,-0.008887333683346772,0.006879713642304628,59.45806697223256,161.25631688981775,92.32916457092601,68.92715231889174,198.60438252857062,-0.015137180700094621,261430.0
2022-07-27,16475.349609375,16653.44921875,16438.75,16641.80078125,185200,0.0095821774414373,0.00953655956008488,0.006964604249176065,63.32390953164554,171.3241802261873,108.12816770197827,63.19601252420904,199.75401368724417,-0.11047070124879921,248445.0
2022-07-28,16774.849609375,16947.650390625,16746.25,16929.599609375,376300,0.017293731123692924,0.017145896529526243,0.007615933099295103,69.10465236604988,200.21800610680657,126.54613538294393,73.67187072386264,207.3322705220839,1.0318574514038876,251960.0
2022-07-29,17079.5,17172.80078125,17018.150390625,17158.25,436100,0.013505953826479233,0.013415561413115864,0.007814876437883691,72.77596015533348,238.81384949781022,148.99967820591718,89.81417129189305,209.89433490443506,0.15891575870316244,255560.0
2022-08-01,17243.19921875,17356.25,17154.80078125,17340.05078125,381500,0.010595531668439406,0.010539792401854702,0.007938022654596151,75.29019325299976,280.83385921158333,175.36651440705043,105.4673448045329,209.29111232197542,-0.1252006420545746,259420.0
2022-08-02,17310.150390625,17390.150390625,17215.849609375,17345.44921875,333600,0.000311327663805816,0.0003112792114048116,0.007873598789140698,75.36295424533458,310.9857779706763,202.4903671197756,108.49541085090067,206.79180295969147,-0.1255570117955439,263390.0
2022-08-03,17349.25,17407.5,17225.849609375,17388.150390625,285400,0.002461808358865669,0.002458783072766921,0.007728510451369223,75.96581236070122,334.47143996317754,228.88658168845603,105.58485827472151,204.9959877929278,-0.14448441247002397,263240.0
2022-08-04,17463.099609375,17490.69921875,17161.25,17382.0,325000,-0.0003537116074355806,-0.00035377417814128954,0.007708446016114148,75.67857098798055,348.56961760017293,252.8231888707994,95.74642872937352,213.88550428986153,0.13875262789067966,266260.0
2022-08-05,17423.650390625,17474.400390625,17348.75,17397.5,355300,0.0008917270739845495,0.0008913297215996853,0.007722634299643926,75.92562815280253,356.8793622718913,273.6344235510178,83.2449387208735,207.58299617094286,0.09323076923076923,269970.0
2022-08-08,17401.5,17548.80078125,17359.75,17525.099609375,257000,0.007334364671648164,0.007307599012140524,0.007713315766991893,77.91454676166862,369.5017309275463,292.8078850263235,76.6938459012228,206.25926653373267,-0.2766676048409794,270025.0
2022-08-10,17566.099609375,17566.099609375,17442.80078125,17534.75,312700,0.0005506610997998429,0.0005505095416120064,0.007070089706063832,78.06216365821282,375.95003689362784,309.43631539978435,66.51372149384349,200.33352093310893,0.21673151750972752,275230.0
2022-08-11,17711.650390625,17719.30078125,17631.94921875,17659.0,311200,0.007085929368824795,0.007060942140366637,0.006673632752641906,79.92282975256411,386.62947846940733,324.87494801370894,61.75453045569839,199.20618238431544,-0.004796929964822505,279125.0
2022-08-12,17659.650390625,17724.650390625,17597.849609375,17698.150390625,303900,0.0022170219505635025,0.0022145679837284517,0.006518205406292158,80.48449660655541,393.7136364664475,338.6426857042567,55.07095076219082,194.03436801757863,-0.023457583547557892,282890.0
2022-08-16,17797.19921875,17839.099609375,17764.05078125,17825.25,0,0.007181519343531395,0.007155855032733008,0.006521733082635097,82.22318970812779,404.91613779357067,351.8973761221195,53.01876167145116,190.24257164132302,-1.0,272600.0
2022-08-17,17868.150390625,17965.94921875,17833.349609375,17944.25,262800,0.006675923198833145,0.006653737907021656,0.006187306623125138,83.68848421809015,418.57147486988106,365.2321958716718,53.33927899820924,186.70376072051425,0.0,274355.0
2022-08-18,17898.650390625,17968.44921875,17852.05078125,17956.5,263900,0.0006826699360520383,0.0006824370229270742,0.006254653914773681,83.83618701268117,425.4772634639121,377.2812093901199,48.1960540737922,181.68195191904897,0.004185692541856856,276420.0
2022-08-19,17966.55078125,17992.19921875,17710.75,17758.44921875,295600,-0.011029475746944017,-0.011090751389954998,0.006994774637353924,72.41870580184106,410.2401151291633,383.8729905379286,26.3671245912347,188.8081852641169,0.12012125805229257,276980.0
2022-08-22,17682.900390625,17690.05078125,17467.349609375,17490.69921875,287600,-0.0150773300473388,-0.015192148554208883,0.008144813279870858,60.435603797802905,372.2681030135718,381.5520130330573,-9.283910019485461,196.1147155577514,-0.02706359945872805,279180.0
2022-08-23,17357.349609375,17625.55078125,17345.19921875,17577.5,285600,0.00496268217550444,0.004950408657946044,0.008103479063880507,62.59638556410699,345.19985837299464,374.28158210104476,-29.08172372805012,202.13163319648345,-0.006954102920723182,283915.0
2022-08-24,17525.44921875,17623.650390625,17499.25,17604.94921875,262000,0.001561611079505143,0.001560393032835227,0.007898198740404663,63.27936493340863,322.2483239437897,363.8749304695938,-41.62660652580405,196.57940158423463,-0.08263305322128855,286445.0
2022-08-25,17679.0,17726.5,17487.44921875,17522.44921875,230200,-0.004686182219266755,-0.004697196795508722,0.0076213124329959255,59.7481272176793,294.01281037169247,349.9025064500135,-55.88969607832104,199.61307156036074,-0.12137404580152666,287545.0
2022-08-26,17619.30078125,17685.849609375,17519.349609375,17558.900390625,266600,0.002080255529346653,0.002078094793881999,0.007468415191700814,60.789273987217825,271.4481817069827,334.21164150140737,-62.76345979442465,197.2478521631921,0.15812337098175488,291615.0
2022-08-29,17188.650390625,17380.150390625,17166.19921875,17312.900390625,244900,-0.014009988924553851,-0.014109055185943692,0.007552166928579895,51.16986423327091,231.05198338896662,313.57970987891923,-82.52772648995261,211.20880357117838,-0.08139534883720934,285045.0
2022-08-30,17414.94921875,17777.650390625,17401.5,17759.30078125,324700,0.02578426378902554,0.025457455427431688,0.008937101371618841,62.7034484046679,232.37975679777082,297.3397192626896,-64.95996246491876,229.31888903037992,0.3258472846059617,279475.0
2022-09-01,17485.69921875,17695.599609375,17468.44921875,17542.80078125,308500,-0.012190795272107646,-0.012265712506503565,0.009203659764210967,55.81748599153984,213.5011774821869,280.57201090658907,-67.07083342440217,233.71407999249564,-0.049892208192177434,275825.0
2022-09-02,17598.400390625,17643.849609375,17476.44921875,17539.44921875,256300,-0.0001910505934481499,-0.00019106884593758132,0.009205120629261775,55.71548058096665,196.00984479924227,263.6595776851197,-67.64973288587743,228.9773878948174,-0.16920583468395467,271960.0
2022-09-05,17546.44921875,17683.150390625,17540.349609375,17665.80078125,230300,0.007203850071011875,0.00717802628935595,0.009316275008696567,58.774202397135134,190.1514057194472,248.95794329198523,-58.80653757253802,222.8862296076876,-0.10144362075692548,269205.0
2022-09-06,17695.69921875,17764.650390625,17587.650390625,17655.599609375,251200,-0.0005774531254664206,-0.000577619915734608,0.009317858384309121,58.4233466402761,182.5807242883311,235.68249949125442,-53.10177520292331,219.60864177856706,0.09075119409465904,265515.0
2022-09-07,17519.400390625,17650.75,17484.30078125,17624.400390625,354100,-0.0017671004916441913,-0.0017686636555011566,0.009335166849632232,57.29679646114063,172.0797601410086,222.9619516212053,-50.882191480196695,216.15794080331227,0.4096337579617835,265455.0
2022-09-08,17748.150390625,17807.650390625,17691.94921875,17798.75,279800,0.009892512965589573,0.009843902383512463,0.009446956450725776,61.737020082410076,175.7997170681374,213.5295047105917,-37.72978764245431,213.8073736030757,-0.2098277322790172,266595.0
2022-09-09,17923.349609375,17925.94921875,17786.0,17833.349609375,270300,0.0019439347917691308,0.0019420477956010656,0.009450342077517566,62.56880863083084,179.47088045613782,206.71777985970095,-27.246899403563134,208.53179111357028,-0.03395282344531814,264475.0
2022-09-12,17890.849609375,17980.55078125,17889.150390625,17936.349609375,228200,0.005775695663245095,0.005759080279283832,0.009409664629580398,65.00751569346875,188.51842008541644,203.07790790484404,-14.559487819427602,204.15103259652955,-0.15575286718460968,260325.0
2022-09-13,18044.44921875,18088.30078125,18015.44921875,18070.05078125,259900,0.007454201929980142,0.007426556664034913,0.009522999632553803,67.92849203098586,204.12421076977262,203.28716847782977,0.8370422919428506,200.42247111642033,0.13891323400525857,258125.0
2022-09-14,17771.150390625,18091.55078125,17771.150390625,18003.75,365900,-0.0036690976717561608,-0.003675845320864187,0.009464692207417755,65.02959731590359,208.73581680999632,204.3768981442631,4.358918665733228,208.9923225098903,0.40784917275875343,276420.0
2022-09-15,18046.349609375,18096.150390625,17861.5,17877.400390625,289600,-0.007017960667916379,-0.0070427023794097186,0.009491332938206502,59.79276079854166,199.89097160008896,203.47971283542827,-3.588741235339313,210.82504166096956,-0.20852691992347638,277760.0
2022-09-16,17796.80078125,17820.05078125,17497.25,17530.849609375,468500,-0.019384853148544656,-0.019575203370476822,0.010428367182559748,48.30302712019056,163.0382132122686,195.39141291079636,-32.35319969852776,222.9197094441146,0.6177486187845305,287990.0
2022-09-19,17540.650390625,17667.19921875,17429.69921875,17622.25,258300,0.0052136885924867205,0.005200144374609497,0.010249813692382441,50.97857741313202,139.5981833775113,184.23276700413936,-44.63458362662806,223.961158769535,-0.44866595517609387,286125.0
2022-09-20,17770.400390625,17919.30078125,17744.400390625,17816.25,263100,0.011008809885230342,0.010948654031257964,0.009923776834164743,56.16435373507748,135.11840862517784,174.40989532834706,-39.29148670316923,229.18184608956818,0.018583042973286945,284900.0
2022-09-21,17766.349609375,17838.69921875,17663.599609375,17718.349609375,245500,-0.005495005437451739,-0.005510158516157929,0.009975814895794334,53.11098267346545,122.25908489614085,163.97973324190582,-41.72064834576497,225.31882918138476,-0.06689471683770432,282895.0
2022-09-22,17609.650390625,17722.75,17532.44921875,17629.80078125,284100,-0.004997577656902563,-0.005010107310831895,0.010043517285415436,50.43996552038673,103.72712605691413,151.9292118049075,-48.20208574799338,222.81754004342872,0.1572301425661915,284000.0
2022-09-23,17593.849609375,17642.150390625,17291.650390625,17327.349609375,390800,-0.017155677232420508,-0.01730454089090743,0.010730642789386935,42.56571221385527,63.89855056541637,134.3230795570093,-70.42452899159292,231.93771575461238,0.3755719816965857,292030.0
2022-09-26,17156.30078125,17196.400390625,16978.30078125,17016.30078125,492000,-0.017951321762256445,-0.018114401349380974,0.011398532795389235,36.29102826816896,7.152625636859739,108.88898877297939,-101.73636313611965,240.3027952096401,0.2589559877175025,303300.0
2022-09-27,17110.900390625,17176.44921875,16942.349609375,17007.400390625,359900,-0.0005230508522044985,-0.0005231876910193474,0.01101011236786665,36.126920900001764,-38.09794642980705,79.49160173242211,-117.58954816222916,239.8597105071658,-0.26849593495934965,309050.0
2022-09-28,16870.55078125,17037.599609375,16820.400390625,16858.599609375,323900,-0.00874917846539458,-0.008787677246935572,0.0092131653575316,33.40705306525999,-84.98665699281264,46.595949987375164,-131.5826069801878,238.24110395308253,-0.10002778549597113,309010.0
2022-09-29,16993.599609375,17026.05078125,16788.599609375,16818.099609375,340000,-0.0024023347691036756,-0.0024052250050792126,0.008928264348967667,32.68576295937535,-123.98508655650221,12.479742678599692,-136.4648292351019,238.1846802332195,0.04970669959864149,310585.0
2022-09-30,16798.05078125,17187.099609375,16747.69921875,17094.349609375,376100,0.01642575596626905,0.016292312526781774,0.009829927720550635,41.90037553291189,-131.08943921687023,-16.23409370049429,-114.85534551637593,252.55723097548955,0.10617647058823532,316575.0
2022-10-03,17102.099609375,17114.650390625,16855.55078125,16887.349609375,278400,-0.012109264448790458,-0.012183178897324074,0.009905654564264248,37.73229487735776,-151.6744512531477,-43.32216521102497,-108.35228604212273,253.02454371831172,-0.25977133741026326,318980.0
2022-10-04,17147.44921875,17287.30078125,17117.30078125,17274.30078125,226000,0.02291367093271912,0.022655095268550494,0.01136696441366516,48.12137628382274,-135.20592616045178,-61.69891740091034,-73.50700875954143,263.51930287236087,-0.18821839080459768,317720.0
2022-10-06,17379.25,17428.80078125,17315.650390625,17331.80078125,265500,0.0033286441360573793,0.0033231164632058175,0.011407950306930556,49.47051172479333,-116.17553269853306,-72.59424046043489,-43.58129223809817,255.73220981004937,0.1747787610619469,313290.0
2022-10-07,17287.19921875,17337.349609375,17216.94921875,17314.650390625,216300,-0.0009895331040011834,-0.0009900230150986376,0.01112786187701262,49.06069314916256,-101.30986490559371,-78.33736534946667,-22.972499556127048,246.06565129683156,-0.18531073446327684,310115.0
2022-10-10,17094.349609375,17280.150390625,17064.69921875,17241.0,234000,-0.00425364584114718,-0.004262718329192525,0.01111689410708077,47.25045002019322,-94.38369064582002,-81.54663040873734,-12.837060237082682,246.34318848098644,0.08183079056865461,308300.0
2022-10-11,17256.05078125,17261.80078125,16950.30078125,16983.55078125,282600,-0.014932383199930399,-0.015044993668578569,0.01135408465649183,41.48776975244317,-108.41886284234351,-86.92107689545858,-21.49778594688493,250.99724644663027,0.20769230769230762,311020.0
2022-10-12,17025.55078125,17142.349609375,16960.05078125,17123.599609375,256000,0.008246145339619648,0.008212331644389038,0.011392371374400608,45.3895844519531,-107.00755148956159,-90.9383718142792,-16.0691796752824,246.09021656651382,-0.09412597310686488,310825.0
2022-10-13,17087.349609375,17112.349609375,16956.94921875,17014.349609375,266400,-0.006380083772817624,-0.0064005234917517235,0.011421037251198493,42.98172843208939,-113.39746366057807,-95.43019018353898,-17.967273477039086,240.41594328497712,0.04062499999999991,305850.0
2022-10-14,17322.30078125,17348.55078125,17169.75,17185.69921875,227000,0.010070888003887335,0.010020514532698735,0.011722810716083913,47.670580995217215,-103.4426116089744,-97.03267446862607,-6.409937140348333,247.1148881842645,-0.14789789789789787,302720.0
2022-10-17,17144.80078125,17328.55078125,17098.55078125,17311.80078125,212200,0.007337586960815656,0.007310797834822186,0.011124343618207572,50.87242305922387,-84.40500901459745,-94.50714137782035,10.102132363222893,245.89239617110275,-0.06519823788546253,289905.0
2022-10-18,17438.75,17527.80078125,17434.05078125,17486.94921875,239500,0.010117285874136073,0.010066448739082915,0.011310209684738576,54.991666063232756,-54.555672833648714,-86.51684766898602,31.961174835337303,243.75722501602397,0.1286522148916116,288965.0
2022-10-19,17568.150390625,17607.599609375,17472.849609375,17512.25,210500,0.0014468379208691928,0.0014457922593648584,0.011004481846184829,55.57118699450054,-28.529427773548377,-74.9193636898985,46.389935916350126,235.97099465773655,-0.12108559498956162,286335.0
2022-10-20,17423.099609375,17584.150390625,17421.0,17563.94921875,249600,0.0029521745492440132,0.0029478254394111857,0.010978882152172879,56.79535592573457,-3.689219147847325,-60.67333478148827,56.98411563364095,230.7695229411125,0.18574821852731582,286540.0
2022-10-21,17622.849609375,17670.150390625,17520.75,17576.30078125,277700,0.0007032337856462956,0.0007029866326317706,0.010927855645209941,57.09948765050858,16.799834979388834,-45.17870082931285,61.978535808701686,224.9574420613902,0.1125801282051282,286220.0
2022-10-24,17736.349609375,17777.55078125,17707.400390625,17730.75,45000,0.008787356376761757,0.008748972260095097,0.010311003226614967,60.814069685127585,44.981797002383246,-27.146601262973633,72.12839826535688,223.26405334271948,-0.8379546272956427,268930.0
2022-10-25,17808.30078125,17811.5,17637.0,17656.349609375,251400,-0.004196122026705051,-0.004204950452158822,0.009369277384162114,58.19984168680434,60.61399481097396,-9.594482048184116,70.20847685915808,219.7809066753824,4.586666666666667,256900.0
2022-10-27,17771.400390625,17783.900390625,17654.5,17736.94921875,324600,0.004564907874966551,0.0045545202832827395,0.009370490647282638,60.19605923973368,78.60028392954337,8.044471147361381,70.55581278218199,213.32515552892653,0.29116945107398573,255135.0
2022-10-28,17756.400390625,17838.900390625,17723.69921875,17786.80078125,250000,0.002810605244745412,0.0028066628790527496,0.009013295951017339,61.42317886600135,95.77313897765998,25.5902047134211,70.18293426423888,206.31629955364608,-0.2298213185459026,251440.0
2022-10-31,17910.19921875,18022.80078125,17899.900390625,18012.19921875,227200,0.012672230395564199,0.012592609626880552,0.009190127687729277,66.45822729482254,126.11672539453139,45.69550884964316,80.42121654488822,208.43656387124278,-0.09119999999999995,245800.0
2022-11-01,18130.69921875,18175.80078125,18060.150390625,18145.400390625,349900,0.007395053222392978,0.007367843877008389,0.008738270340354593,69.03069812029685,159.07869740467504,68.37214656064954,90.7065508440255,205.23406377329687,0.5400528169014085,244490.0
2022-11-02,18177.900390625,18178.75,18048.650390625,18082.849609375,270900,-0.003447197631545107,-0.0034531529072475455,0.008138221860867156,66.45324933882749,178.1009356900613,90.3179043865319,87.78303130352941,199.86731703056137,-0.225778793941126,244115.0
2022-11-03,17968.349609375,18106.30078125,17959.19921875,18052.69921875,213000,-0.0016673473084335422,-0.001668738878993079,0.00682373690201923,65.18975866733037,188.56959907530836,109.96824332428719,78.60135575102117,196.0983345640927,-0.21373200442967888,243465.0
2022-11-04,18053.400390625,18135.099609375,18017.150390625,18117.150390625,267900,0.003570168155688336,0.0035638102334325083,0.006826026813033718,66.64951552493079,199.7640060472222,127.9273958688742,71.83661017834801,190.51625486308612,0.25774647887323954,243585.0
2022-11-07,18211.75,18255.5,18064.75,18202.80078125,314800,0.004727586225111935,0.0047164462855731094,0.00680420122229354,68.53771127283724,213.09054972411104,144.96002663992158,68.13052308418946,190.53295094429427,0.17506532288167231,248510.0
2022-11-09,18288.25,18296.400390625,18117.5,18157.0,307200,-0.002516139235956394,-0.0025193100341803654,0.006723678314936422,66.37365368046808,217.44956806385017,159.4579349247073,57.99163313914286,189.7020537786304,-0.02414231257941546,252170.0
2022-11-10,18044.349609375,18103.099609375,17969.400390625,18028.19921875,256500,-0.007093725904609771,-0.007119006002546902,0.005799759144299112,60.58065443372927,208.11198942046758,169.18874582385936,38.923243596608216,189.55187917837108,-0.1650390625,250865.0
2022-11-11,18272.349609375,18362.30078125,18259.349609375,18349.69921875,378500,0.017833173247033374,0.01767602773148285,0.006582024255949507,68.07153608173151,224.07129972071561,180.1652566032306,43.90604311748501,199.87685655848742,0.4756335282651072,256990.0
2022-11-14,18376.400390625,18399.44921875,18311.400390625,18329.150390625,301400,-0.0011198455015547504,-0.0011204729970374992,0.006264008054141792,67.19264306058997,232.38229102039259,190.608663486663,41.77362753372958,191.88914024180977,-0.20369881109643329,258740.0
2022-11-15,18362.75,18427.94921875,18282.0,18403.400390625,250900,0.004050924260950772,0.00404274135870096,0.006087780808886592,68.76208958259788,242.1685971267434,200.92065021467909,41.24794691206432,188.60771727810908,-0.16755142667551426,259935.0
2022-11-16,18398.25,18442.150390625,18344.150390625,18409.650390625,219300,0.0003396111515991951,0.000339553496785159,0.006052931827266413,68.89696917094142,247.57475037671247,210.25147024708576,37.32328012962671,182.13573747252985,-0.12594659226783578,260290.0
2022-11-17,18358.69921875,18417.599609375,18312.94921875,18343.900390625,200500,-0.00357149639481924,-0.0035778894143715548,0.005991992921749417,65.68387505959369,243.74396160815013,216.94996851929864,26.793993088851494,176.60106984056344,-0.0857273141814866,258340.0
2022-11-18,18382.94921875,18394.599609375,18209.80078125,18307.650390625,198800,-0.00197613371355454,-0.001978088841936149,0.006068870533151963,63.914104468049665,235.07318452043546,220.57461171952602,14.498572800909443,177.18662400373748,-0.008478802992518686,257755.0
2022-11-21,18246.400390625,18262.30078125,18133.349609375,18159.94921875,213800,-0.008067729540576885,-0.008100449774708418,0.0064876062175710835,57.156615774206934,213.8185142933653,219.2233922342939,-5.4048779409286,176.9804923784705,0.07545271629778671,255965.0
2022-11-22,18179.150390625,18261.849609375,18137.69921875,18244.19921875,177700,0.00463933015368867,0.004628601630860599,0.006516178537468889,59.76946912346008,201.45011437992434,215.66873666342,-14.218622283495648,173.20691368179405,-0.16884939195509818,250965.0
2022-11-23,18325.19921875,18325.400390625,18246.0,18267.25,178800,0.0012634580983039712,0.0012626606067816233,0.0063117241413102885,60.47962349170616,191.30285352888313,210.79556003651265,-19.49270650762952,166.63507498130875,0.006190208216094506,257655.0
2022-11-24,18326.099609375,18529.69921875,18294.25,18484.099609375,204000,0.011870949889830174,0.011801042862214367,0.006561369596530768,66.47508199979949,198.4711752221774,208.33068307364562,-9.859507851468209,173.47894239335812,0.14093959731543615,255285.0
2022-11-25,18528.44921875,18534.900390625,18445.099609375,18512.75,205900,0.0015500019600884762,0.0015488019469054911,0.006541181634711049,67.18343707198139,204.11110314886537,207.4867670886896,-3.3756639398242214,167.50193088311826,0.009313725490196045,249350.0
2022-11-28,18430.55078125,18614.25,18365.599609375,18562.75,206500,0.0027008413120686026,0.0026972005940332764,0.006540640667576358,68.43683221605556,210.19240163104405,208.0278939971605,2.164507633883545,173.2982494361098,0.0029140359397765714,247175.0
2022-11-29,18552.44921875,18678.099609375,18552.150390625,18618.05078125,195300,0.00297912654375021,0.0029746977400658824,0.006067766999291694,69.81024307549322,216.97305505290933,209.8169262083103,7.1561288445990385,169.9161758156734,-0.05423728813559325,245580.0
2022-11-30,18625.69921875,18816.05078125,18616.55078125,18758.349609375,345600,0.007535634625419174,0.007507383568474861,0.006074758874193901,73.01800026388516,231.00483470618929,214.0545079078861,16.950326798303195,172.02930611455386,0.7695852534562213,245365.0
2022-12-01,18871.94921875,18887.599609375,18778.19921875,18812.5,325000,0.002886735334004964,0.0028825767148602448,0.005958102181462174,74.15924629702464,243.68554981538546,219.98071628938598,23.704833525999476,168.97364139208574,-0.05960648148148151,248070.0
2022-12-02,18752.400390625,18781.94921875,18639.19921875,18696.099609375,254400,-0.006187396179402005,-0.006206617442539312,0.006186314256252417,67.54561701075792,241.55803847141942,224.29618072579268,17.26185774562674,169.2827228105082,-0.21723076923076923,250140.0
2022-12-05,18719.55078125,18728.599609375,18591.349609375,18701.05078125,288400,0.00026482378562620035,0.0002647887259970962,0.006179411774694497,67.67766007133602,237.53335197291017,226.9436149752162,10.589736997693961,166.9946711811862,0.13364779874213828,251165.0
2022-12-06,18600.650390625,18654.900390625,18577.900390625,18642.75,217800,-0.0031175136590962937,-0.0031223832280691255,0.006218879675359378,64.35725700691376,227.02240020658064,226.95937202148912,0.0630281850915253,163.86293685574432,-0.2447988904299584,246315.0
2022-12-07,18638.849609375,18668.30078125,18528.400390625,18560.5,200500,-0.004411902750398933,-0.004421663914122268,0.006292774636463905,59.8928223988269,209.63892061522347,223.49528174023598,-13.856361125012512,162.15132641069115,-0.07943067033976126,240980.0
2022-12-08,18570.849609375,18625.0,18536.94921875,18609.349609375,202800,0.002631912360927746,0.0026284549446723396,0.005993130638058069,61.596733673517114,197.52717273036615,218.30165993826205,-20.774487207895902,156.85843032778465,0.011471321695760706,238295.0
2022-12-09,18662.400390625,18664.69921875,18410.099609375,18496.599609375,215800,-0.006058782405979346,-0.006077211303593385,0.004888634650325737,55.71338533509777,176.79258766125713,209.99984548286108,-33.207257821603946,163.83994311687144,0.0641025641025641,230160.0
2022-12-12,18402.150390625,18521.55078125,18345.69921875,18497.150390625,193900,2.977743269738653e-05,2.977698935843848e-05,0.004876573005894432,55.735627060565434,158.57674900128404,199.71522618654566,-41.13847718526162,164.69791592995205,-0.10148285449490269,224785.0
2022-12-13,18524.400390625,18617.25,18490.19921875,18608.0,187600,0.0059927938646799905,0.005974908495510217,0.004969615715296618,60.080894368290785,151.3406419785024,190.04030934493701,-38.699667366434625,162.00883488138405,-0.032490974729241895,221620.0
2022-12-14,18671.25,18696.099609375,18632.900390625,18660.30078125,208000,0.002810661073194387,0.002806718551028224,0.004994601405332633,61.97743555690782,148.11878977286324,181.65600543052227,-33.53721565765903,156.7296044880709,0.10874200426439229,221055.0
2022-12-15,18614.400390625,18652.900390625,18387.69921875,18414.900390625,183100,-0.013150934355333654,-0.01323817358829901,0.00582562675538705,49.97908527548235,124.33048363855414,170.19090107212867,-45.860417433574526,165.00617291749438,-0.11971153846153848,220185.0
2022-12-16,18319.099609375,18440.94921875,18255.150390625,18269.0,277700,-0.00792295301794177,-0.007954506384605002,0.006090133426920007,44.467274111851964,92.63727264428235,154.68017538655943,-62.04290274227708,166.49136257517335,0.5166575641725832,224130.0
2022-12-19,18288.099609375,18431.650390625,18244.55078125,18420.44921875,154800,0.008289956688926514,0.008255783729645224,0.006058164788332668,50.562100049736486,78.83213307447659,139.51056692414286,-60.67843384966628,167.9633802037324,-0.4425639178970112,221180.0
2022-12-20,18340.30078125,18404.900390625,18202.650390625,18385.30078125,169000,-0.0019081205394395617,-0.0019099433205291773,0.006011939432861177,49.21217836373558,64.31390468702739,124.47123447671977,-60.15732978969238,171.52305505525155,0.09173126614987082,220745.0
2022-12-21,18435.150390625,18473.349609375,18162.75,18199.099609375,187600,-0.01012771964355863,-0.01017935391694218,0.006452331751862722,42.70720282400673,37.35264759928759,107.04751710123334,-69.69486950194575,181.45709464951932,0.11005917159763312,221185.0
2022-12-22,18288.80078125,18318.75,18068.599609375,18127.349609375,195700,-0.003942502735851727,-0.0039502948868902,0.005844775870109878,40.48641736507132,10.079837657620374,87.65398121251074,-77.57414355489037,186.36375864776795,0.0431769722814499,220770.0
2022-12-23,17977.650390625,18050.44921875,17779.5,17806.80078125,221500,-0.01768316025411787,-0.01784137526808462,0.0069144928074402895,32.38432338124127,-36.973465111863334,62.72849194763593,-99.70195705949926,197.89846227114168,0.13183444047010728,221550.0
2022-12-26,17830.400390625,18084.099609375,17774.25,18014.599609375,176700,0.011669632893506865,0.01160206785899442,0.007491692593904221,40.67281085005512,-56.8406936408137,38.81465482994601,-95.6553484707597,205.89497277856015,-0.20225733634311516,220060.0
2022-12-27,18089.80078125,18149.25,17967.44921875,18132.30078125,214300,0.006533654614990558,0.006512402811413872,0.007643106777462899,44.80030919842434,-62.369161613460165,18.577891541264776,-80.94705315472494,204.1739590979487,0.21279003961516696,221010.0
2022-12-28,18084.75,18173.099609375,18068.349609375,18122.5,193900,-0.0005405150382313817,-0.0005406611691443354,0.0073604245992316625,44.52254408358347,-66.77165141694786,1.5079829496222494,-68.27963436657011,197.07224773380952,-0.0951936537564162,213425.0
2022-12-29,18045.69921875,18229.69921875,17992.80078125,18191.0,281100,0.00377983170092433,0.0037727060871833766,0.00739236870542477,46.996085535518795,-63.995577600111574,-11.592729160324517,-52.40284843978706,199.91697557425172,0.4497163486333162,211230.0
2022-12-30,18259.099609375,18265.25,18080.30078125,18105.30078125,192000,-0.00471107793689185,-0.004722210041123311,0.007351866875512456,44.33290955457998,-67.92770157438281,-22.859723643136178,-45.06797793124663,198.84785008680518,-0.31696905016008536,208110.0
2023-01-02,18131.69921875,18215.150390625,18086.5,18197.44921875,256100,0.005089583355357918,0.005076675205536103,0.0074936634241418425,47.76082636714631,-62.88344811748175,-30.864468538005294,-32.01897957947645,193.83374583953338,0.33385416666666656,206495.0
2023-01-03,18163.19921875,18251.94921875,18149.80078125,18232.55078125,208700,0.00192892762485819,0.001927069632871597,0.007516362675066371,49.047939321306494,-55.41465255303774,-35.77450534101178,-19.64014721202596,187.28479524385244,-0.18508395158141355,206040.0
2023-01-04,18230.650390625,18243.0,18020.599609375,18042.94921875,235200,-0.010399069487028845,-0.010453517612292944,0.00777277311722942,42.89940281351746,-64.05643705323018,-41.430891683455464,-22.62554536977472,189.79305205679157,0.1269765213224725,207775.0
2023-01-05,18101.94921875,18120.30078125,17892.599609375,17992.150390625,269900,-0.0028154392892826285,-0.0028194100932680756,0.007718922199079522,41.40189973279958,-74.14940621801725,-47.97459459036782,-26.174811627649426,192.50077490094932,0.14753401360544216,211130.0
2023-01-06,18008.05078125,18047.400390625,17795.55078125,17859.44921875,238200,-0.007375503705446151,-0.0074028372147649955,0.007764168481737408,37.69969786646163,-91.79784413238667,-56.7392444987716,-35.058599633615074,196.7399773633815,-0.11745090774360878,212250.0
2023-01-09,17952.55078125,18141.400390625,17936.150390625,18101.19921875,257200,0.013536251708490266,0.01344545509952314,0.008473400606449471,46.998088125873,-85.29393829171022,-62.45018325735933,-22.84375503435089,202.82649125706857,0.07976490344248521,215415.0
2023-01-10,18121.30078125,18127.599609375,17856.0,17914.150390625,283300,-0.010333504750958511,-0.010387266093937284,0.008545778525225138,41.79975033179251,-94.1475489132099,-68.78965638852945,-25.35789252468045,207.7388568369208,0.1014774494556765,220200.0
2023-01-11,17924.25,17976.349609375,17824.349609375,17895.69921875,259900,-0.0010299775022909463,-0.0010305082936186098,0.008477346360271339,41.31430712773484,-101.48312024585903,-75.32834915999537,-26.154771085863658,203.7575099199979,-0.08259795270031767,222795.0
2023-01-12,17920.849609375,17945.80078125,17761.650390625,17858.19921875,227800,-0.00209547554088918,-0.0020976741216788596,0.008062249890722191,40.29017523500191,-109.0653129395796,-82.07574191591222,-26.98957102366738,202.3570013989266,-0.12350904193920742,225030.0
2023-01-13,17867.5,17999.349609375,17774.25,17956.599609375,256700,0.005510095918388247,0.0054949708747303715,0.008059515786335148,44.19901207826757,-105.9132639410418,-86.84324632093814,-19.07001762010367,203.98147339721757,0.12686567164179108,223980.0
2023-01-16,18033.150390625,18049.650390625,17853.650390625,17894.849609375,206200,-0.003438847072569362,-0.0034447734977776498,0.007782715054001696,42.32644095685472,-107.16264704542482,-90.90712646583547,-16.255520579589344,203.41136815455917,-0.19672769770159715,226550.0
2023-01-17,17922.80078125,18072.05078125,17886.94921875,18053.30078125,219100,0.008854568511824201,0.008815596703469526,0.008111740113899061,48.37097539674898,-94.28030218224376,-91.58176160911714,-2.698540573126621,202.10352489351922,0.062560620756547,229055.0
2023-01-18,18074.30078125,18183.75,18032.44921875,18165.349609375,255800,0.006206556323560042,0.00618737497867869,0.00795150461281358,52.18714222952171,-74.17450949391423,-88.10031118607655,13.925801692162324,198.4747574904107,0.1675034230944774,232465.0
2023-01-19,18119.80078125,18155.19921875,18063.75,18107.849609375,237800,-0.003165367099256078,-0.0031703874707042848,0.007933483232829257,50.139026290857146,-62.16370884643402,-82.91299071814805,20.749281871714032,191.55510405359564,-0.07036747458952308,234570.0
2023-01-20,18115.599609375,18145.44921875,18016.19921875,18027.650390625,237200,-0.004428975305189153,-0.004438812272184146,0.006843023478143385,47.347904659305485,-58.44277754033101,-78.01894808258464,19.576170542253635,187.10473947833881,-0.002523128679562614,235355.0
2023-01-23,18118.44921875,18162.599609375,18063.44921875,18118.55078125,202500,0.005042276095628795,0.005029606393094338,0.006433231664335889,50.6979316175943,-47.61019019890591,-71.9371965058489,24.32700630694299,183.37934514060032,-0.14629005059021927,236645.0
2023-01-24,18183.94921875,18201.25,18078.650390625,18118.30078125,216900,-1.3798013043020418e-05,-1.379810823647804e-05,0.006264172158539337,50.68837949269526,-38.60049709438317,-65.26985662355575,26.66935952917258,179.03793544305745,0.07111111111111112,236775.0
2023-01-25,18093.349609375,18100.599609375,17846.150390625,17891.94921875,257200,-0.01249297962501228,-0.012571672991636754,0.006863884554095495,42.82154129826527,-49.158263925943174,-62.04753808403324,12.889274158090068,185.68882509891048,0.18579990779160904,239940.0
2023-01-27,17877.19921875,17884.75,17493.55078125,17604.349609375,476300,-0.016074246906178757,-0.016204838949638832,0.007601854398035555,35.32069124928364,-79.81222941162923,-65.60047634955245,-14.211753062076781,200.88236884184545,0.8518662519440123,249700.0
2023-01-30,17541.94921875,17709.150390625,17405.55078125,17648.94921875,432400,0.0025334426073457816,0.002530238851503625,0.007619997160789569,37.15900110152345,-99.36152436438715,-72.3526859525194,-27.008838411867757,208.21931459421364,-0.09216880117572956,261720.0
2023-01-31,17731.44921875,17735.69921875,17537.55078125,17662.150390625,398300,0.0007479862801675896,0.0007477066778470427,0.007490418449391892,37.7232173986459,-112.49251354401713,-80.38065147081895,-32.11186207319818,207.49996623034127,-0.07886216466234963,268830.0
2023-02-01,17811.599609375,17972.19921875,17353.400390625,17616.30078125,512900,-0.0025959245256645946,-0.0025992997802722563,0.00744991969604477,36.49754600762693,-125.15587830960794,-89.33569683857675,-35.82018147103119,236.87845636567405,0.2877228219934722,284040.0
2023-02-02,17517.099609375,17653.900390625,17445.94921875,17610.400390625,490100,-0.0003349392530399564,-0.00033499535771969267,0.00716362560692678,36.333936857940785,-134.12172655689938,-98.29290278224127,-35.828823774658105,234.81222175919734,-0.044453109767986,296785.0
2023-02-03,17721.75,17870.30078125,17584.19921875,17854.05078125,424100,0.013835596307890219,0.013740758205234283,0.007888580337206753,46.91616752389822,-120.18130041523546,-102.67058230884012,-17.51071810639533,238.47574609782612,-0.13466639461334418,304495.0
2023-02-06,17818.55078125,17823.69921875,17698.349609375,17764.599609375,282500,-0.005010133160870178,-0.005022725956678951,0.007794534990565939,44.023131971270644,-115.0254326713075,-105.14155238133361,-9.883880289973888,232.56327651048142,-0.3338835180381985,306710.0
2023-02-07,17790.099609375,17811.150390625,17652.55078125,17721.5,354400,-0.0024261514654264627,-0.0024290993398515346,0.0071022889329390914,42.65821600413822,-113.11324948679248,-106.7358918024254,-6.377357684367084,227.2801574293756,0.25451327433628324,311570.0
2023-02-08,17750.30078125,17898.69921875,17744.150390625,17871.69921875,291000,0.008475536424681795,0.00843982073038998,0.007048451270456758,48.63504601483733,-98.34435632813256,-105.05758470756683,6.71322837943427,223.70294752370592,-0.17889390519187354,311955.0
2023-02-09,17885.5,17916.900390625,17779.80078125,17893.44921875,260900,0.0012170079483646568,0.0012162679944837883,0.007051056851610419,49.45660804337479,-83.9175100490902,-100.8295697758715,16.912059726781308,217.51699479879835,-0.10343642611683845,312005.0
2023-02-10,17847.55078125,17876.94921875,17801.0,17856.5,232000,-0.0020649578680046465,-0.00206709283308457,0.007050582751523364,48.05055235484933,-74.60561648233124,-95.58477911716346,20.97916263483222,208.58358222388418,-0.1107704101188195,312215.0
2023-02-13,17859.099609375,17880.69921875,17719.75,17770.900390625,231300,-0.00479375070002519,-0.0048052775756446476,0.007003746535648072,44.86806462859105,-73.28822578635663,-91.1254684510021,17.837242664645473,205.1811276900353,-0.0030172413793103647,310945.0
2023-02-14,17840.349609375,17954.55078125,17800.05078125,17929.849609375,244500,0.0089443537049958,0.008904589905162998,0.007271553895173277,51.31606855737915,-58.74117886459135,-84.64861053371996,25.907431669128613,203.64321789967565,0.05706874189364464,312860.0
2023-02-15,17896.599609375,18034.099609375,17853.80078125,18015.849609375,229300,0.004796470794436125,0.004785004379327248,0.007070290787009006,54.42206823203255,-39.81410587615028,-75.68170960220603,35.86760372605575,201.9757614871988,-0.06216768916155424,313370.0
2023-02-16,18094.75,18134.75,18000.650390625,18035.849609375,230200,0.0011101336008929596,0.00110951785824931,0.0069221039136114345,55.13887508881154,-22.936038937899866,-65.1325754693448,42.196536531444934,197.12746490775606,0.003924989097252585,312090.0
2023-02-17,17974.849609375,18034.25,17884.599609375,17944.19921875,208100,-0.005081567689351307,-0.005094522761127012,0.006976411380479945,51.16758624813547,-16.762245130856172,-55.45850940164708,38.696264270790905,193.85050312863063,-0.09600347523892272,310605.0
2023-02-20,17965.55078125,18004.349609375,17818.400390625,17844.599609375,174600,-0.005550518480140765,-0.005565979846782634,0.007014744764121976,47.18989911186603,-19.67947243866729,-48.302702009051124,28.623229570383835,193.28612567301417,-0.16098029793368573,307475.0
2023-02-21,17905.80078125,17924.900390625,17800.30078125,17826.69921875,198200,-0.001003126492992057,-0.0010036299610954843,0.006892632137049852,46.49039783797285,-23.168733285940107,-43.27590826442892,20.107174978488814,188.37994593744173,0.1351660939289805,307260.0
2023-02-22,17755.349609375,17772.5,17529.44921875,17554.30078125,204000,-0.015280363131582653,-0.015398310946496917,0.007619054544239196,37.40412543311832,-47.36824339949089,-44.094375291441324,-3.2738681080495695,196.1563783704816,0.029263370332996974,306615.0
2023-02-23,17574.650390625,17620.05078125,17455.400390625,17511.25,240800,-0.002452434977984641,-0.0024554471223785586,0.0071738057775424195,36.199945152613594,-69.2224148599671,-49.11998320514648,-20.10243165482062,193.9059506743758,0.18039215686274512,305795.0
2023-02-24,17591.349609375,17599.75,17421.80078125,17465.80078125,209400,-0.002595429723749043,-0.002598803690668268,0.006249084112085793,34.92174742305748,-89.18134824228036,-57.13225621257326,-32.049092029707104,192.76618410834897,-0.1303986710963455,292450.0
2023-02-27,17428.599609375,17451.599609375,17299.0,17392.69921875,246400,-0.004185411445805309,-0.004194194796816341,0.006264289306601699,32.90899800614724,-109.63384122566276,-67.63257321519116,-42.001268010471605,190.91151247560975,0.17669531996179555,283150.0
2023-02-28,17383.25,17440.44921875,17255.19921875,17303.94921875,420900,-0.0051027157362857345,-0.005115779048087727,0.006328309119447182,30.60287555378055,-131.48825776562808,-80.40371012527855,-51.08454764034953,190.50711872735192,0.708198051948052,284280.0
2023-03-01,17360.099609375,17467.75,17345.25,17450.900390625,272900,0.008492348770636093,0.008456491641293511,0.0066577980686891485,38.31125390216983,-135.3896215973291,-91.40089241968866,-43.98872917764044,188.59952319325535,-0.3516274649560466,272280.0
2023-03-02,17421.5,17445.80078125,17306.0,17321.900390625,310700,-0.007392168719804415,-0.007419626196212839,0.006836223322352362,34.67056320481254,-147.19394230197213,-102.55950239614535,-44.63443990582678,185.47815658123713,0.13851227555881285,263310.0
2023-03-03,17451.25,17644.75,17427.69921875,17594.349609375,356200,0.015728598629827895,0.015606186138582535,0.007054662425508825,46.2813807160498,-133.03107705857838,-108.65381732863196,-24.377259729946417,195.29040320936303,0.14644351464435146,259915.0
2023-03-06,17680.349609375,17799.94921875,17671.94921875,17711.44921875,362800,0.006655523618366965,0.006633473404126094,0.007162248239373274,50.364576285861354,-111.07751206522516,-109.1385562759506,-1.9389557892745586,196.02677507833712,0.018528916339135337,263930.0
2023-03-08,17665.75,17766.5,17602.25,17754.400390625,267000,0.0024250512391459367,0.0024221155475668,0.007163141132202063,51.811426797353576,-89.18528062951737,-105.14790114666397,15.962620517146604,193.7570054298845,-0.2640573318632855,259560.0
2023-03-09,17772.05078125,17772.349609375,17573.599609375,17589.599609375,262400,-0.009282249899975281,-0.009325598438082557,0.007175074061716942,46.24169130788684,-84.16339204736141,-100.95099932680345,16.787607279442042,194.11364789917846,-0.017228464419475675,258130.0
2023-03-10,17443.80078125,17451.5,17324.349609375,17412.900390625,235900,-0.010045664635585094,-0.010096462811863625,0.007448818965457382,41.135617521842455,-93.3654011548133,-99.43387969240544,6.068478537592142,199.19481590638003,-0.10099085365853655,256880.0
2023-03-13,17421.900390625,17529.900390625,17113.44921875,17154.30078125,254900,-0.014851035931626178,-0.014962416687813755,0.008047210563851033,35.03787534242713,-120.13998794236613,-103.57510134239759,-16.564886599968546,214.71312704699577,0.08054260279779557,258025.0
2023-03-14,17160.55078125,17224.650390625,16987.099609375,17043.30078125,290600,-0.006470680525861194,-0.006491706128142258,0.008086824846639997,32.790968444516224,-148.60281248597676,-112.58064357111343,-36.02216891486333,216.3443880614961,0.1400549234994115,260990.0
2023-03-15,17166.44921875,17211.349609375,16938.900390625,16972.150390625,248200,-0.004174683738684903,-0.004183422059139645,0.007669035201340733,31.40092384955524,-174.88508153739895,-125.04153116437055,-49.84355037302839,220.35187596781782,-0.14590502408809358,261175.0
2023-03-16,16994.650390625,17062.44921875,16850.150390625,16985.599609375,349800,0.0007924286811309411,0.0007921148752918237,0.0075130893684889856,31.987825864076513,-192.4107383407936,-138.51537259965517,-53.89536574113845,219.77665826475942,0.4093473005640613,267200.0
2023-03-17,17111.80078125,17145.80078125,16958.150390625,17100.05078125,408100,0.006738129621978839,0.0067155298897271865,0.0077723911907607406,36.93274434359562,-194.81894305608876,-149.7760866909419,-45.04285636514686,217.48192486191945,0.16666666666666674,276095.0
2023-03-20,17066.599609375,17066.599609375,16828.349609375,16988.400390625,241800,-0.0065292432199922645,-0.006550651968001941,0.0078031162474015035,34.31189605339836,-203.39213810447472,-160.49929697364848,-42.89284113082624,221.35472821999664,-0.40749816221514334,277780.0
2023-03-21,17060.400390625,17127.69921875,17016.0,17107.5,246700,0.007010642946744028,0.006986182644570191,0.008064014549225534,39.26317254565452,-198.2903461483147,-168.05750680858173,-30.232839339732976,215.49359249892547,0.02026468155500405,281385.0
2023-03-22,17177.44921875,17207.25,17107.849609375,17151.900390625,0,0.0025953757489405316,0.002592013577443892,0.00812977295531843,41.04717804499191,-188.49158515105592,-172.14432247707657,-16.347262673979344,207.22619303471652,-1.0,271475.0
2023-03-23,17097.400390625,17205.400390625,17045.30078125,17076.900390625,219200,-0.004372693304643627,-0.0043822814890137705,0.007519478992143986,38.965181770617306,-184.64934693211035,-174.64532736808334,-10.004019564027004,203.86000848759392,0.0,272235.0
2023-03-24,17076.19921875,17109.44921875,16917.349609375,16945.05078125,228000,-0.007720933328590696,-0.007750894050448838,0.007651463623568318,35.5512575419437,-190.05269782829782,-177.72680146012624,-12.325896368171584,203.0199799795515,0.04014598540145986,271595.0
2023-03-27,16984.30078125,17091.0,16918.55078125,16985.69921875,218400,0.0023988383407489433,0.002395965721106003,0.0076999971776485435,37.37300607967521,-188.8776392959262,-179.95696902728625,-8.920670268639952,200.83635417744068,-0.04210526315789476,272045.0
2023-03-28,17031.75,17061.75,16913.75,16951.69921875,238800,-0.002001683861354908,-0.0020036899079230227,0.0076735991261090335,36.445039883884,-188.51680837403183,-181.66893689663536,-6.847871477396467,197.06232887905207,0.0934065934065933,271665.0
2023-03-29,16977.30078125,17126.150390625,16940.599609375,17080.69921875,345900,0.007609856589321451,0.0075810476927372725,0.00786279558688643,42.29903893647818,-175.79516809762936,-180.49418313683415,4.699015039204795,196.24007547697693,0.4484924623115578,267915.0
2023-03-31,17210.349609375,17381.599609375,17204.650390625,17359.75,263900,0.016337198944623932,0.016205182818433635,0.00850016496902825,52.49292364212856,-141.56424609363967,-172.70819572819525,31.143949634555582,203.7158122732643,-0.23706273489447816,267465.0
2023-04-03,17427.94921875,17428.05078125,17312.75,17398.05078125,230200,0.002206297973761151,0.002203867672376198,0.008344612655855559,53.70193012583,-110.07654691850621,-160.18186596625745,50.10531904775124,197.40045291445972,-0.12769988632057594,263440.0
2023-04-05,17422.30078125,17570.55078125,17402.69921875,17557.05078125,248300,0.009138954817361267,0.00909744726853034,0.007823601469502313,58.4313749232366,-71.46850287053894,-142.43919334711376,70.97069047657482,195.62184913485547,0.07862728062554303,258045.0
2023-04-06,17533.849609375,17638.69921875,17502.849609375,17599.150390625,242700,0.002397874785437182,0.002395004471214228,0.007687657314635742,59.60792143965213,-37.047206040988385,-121.36079588588869,84.3135898449003,191.35240343772296,-0.022553362867498983,252040.0
2023-04-10,17634.900390625,17694.099609375,17597.94921875,17624.05078125,254800,0.0014148632219350699,0.0014138632460749291,0.007672032762739524,60.32322855536639,-7.670407209676341,-98.62271815064624,90.9523109409699,184.5522596653856,0.049855789039967124,251430.0
2023-04-11,17704.80078125,17748.75,17655.150390625,17722.30078125,304300,0.005574768321964241,0.005559286811614234,0.007476880398101876,63.09996228201194,23.270622156280297,-74.24405008926092,97.51467224554122,180.27704245714378,0.19427001569858704,253525.0
2023-04-12,17759.55078125,17825.75,17717.25,17812.400390625,232800,0.005083967961446945,0.005071088231309614,0.0071194537421039724,65.48543958361152,54.43441033153067,-48.50835800510261,102.94276833663328,175.15011085306207,-0.2349654945777193,253370.0
2023-04-13,17807.30078125,17842.150390625,17729.650390625,17828.0,285800,0.0008757724412713497,0.0008753891763391581,0.006032677069459796,65.89651615330163,79.47456181121015,-22.911774041840054,102.38633585305021,170.6751029349862,0.2276632302405499,254915.0
2023-04-17,17863.0,17863.0,17574.05078125,17706.849609375,357400,-0.006795512150830185,-0.00681870678285114,0.006057085791468792,59.92700548335707,88.52280247265662,-0.6248587389407199,89.14766121159734,179.12325406463003,0.2505248425472357,258255.0
2023-04-18,17766.599609375,17766.599609375,17610.19921875,17660.150390625,258900,-0.0026373533282438855,-0.0026408372714739102,0.005984804002175233,57.755123249419086,90.87777924475449,17.675668857798325,73.20211038695616,177.50019239037073,-0.2756015668718522,258790.0
2023-04-19,17653.349609375,17666.150390625,17579.849609375,17618.75,281500,-0.002344283016240789,-0.0023470351496987078,0.006058496126513796,55.823552269374744,88.38460704488898,31.817456495216458,56.56715054967252,170.9859487374871,0.08729239088451135,255375.0
2023-04-20,17638.599609375,17684.44921875,17584.349609375,17624.44921875,215100,0.0003234746363958152,0.00032342232975522987,0.00595491450832664,56.04150311672553,85.87867354591071,42.62969990535531,43.248973640555405,165.92263878302373,-0.23587921847246895,245725.0
2023-04-21,17639.75,17663.19921875,17553.94921875,17624.05078125,230200,-2.260708945023282e-05,-2.260734499433094e-05,0.005661501743577188,56.0206943749101,82.9048768040193,50.68473528508811,32.220141518931186,161.87459315566488,0.07019990701999079,245145.0
2023-04-24,17707.55078125,17754.5,17612.5,17743.400390625,255700,0.006771973756565242,0.006749146939408538,0.005650391626415903,60.72502118716058,89.15096071075823,58.37798037022213,30.772980340536094,160.45497935883168,0.11077324066029548,245595.0
2023-04-25,17761.55078125,17807.44921875,17716.849609375,17769.25,297400,0.0014568576938982503,0.0014557975062981768,0.0056479836108533224,61.681070192774506,95.0907279301573,65.72052988220918,29.370198047948122,155.46531007427228,0.16308173640985535,260465.0
2023-04-26,17767.30078125,17827.75,17711.19921875,17813.599609375,233000,0.0024958627615121465,0.002492753268886545,0.0054600479247043105,63.330339516905994,102.19859726381765,73.01614335853087,29.182453905286778,152.68570087253855,-0.21654337592468054,261155.0
2023-04-27,17813.099609375,17931.599609375,17797.900390625,17915.05078125,241400,0.005695152810193838,0.005678996739265909,0.004988750951912371,66.84570116238436,114.6957553555585,81.3520657579364,33.3436895976221,151.32952357807153,0.036051502145922676,261825.0
2023-04-28,17950.400390625,18089.150390625,17885.30078125,18065.0,290300,0.008370013603697934,0.008335179280697748,0.005138989631152279,71.23503658492548,135.14166298748387,92.1099852038459,43.031677783637974,155.08095827785215,0.2025683512841756,265420.0
2023-05-02,18124.80078125,18180.25,18101.75,18147.650390625,265200,0.004575166931912511,0.004564732669242972,0.0050051309142828,73.33085387827934,156.21365411092847,104.93071898526242,51.28293512566606,152.23588982943414,-0.08646228039958659,266740.0
2023-05-03,18113.80078125,18116.349609375,18042.400390625,18089.849609375,226200,-0.00318502836487633,-0.003190111363585117,0.005110923547461857,69.51625028856421,166.3319477505429,117.21096473831852,49.12098301222437,148.87975484161743,-0.1470588235294118,260755.0
2023-05-04,18081.0,18267.44921875,18066.69921875,18255.80078125,226600,0.009173717607303677,0.009131894646700034,0.004323699805396227,73.73992054514336,185.6021351362724,130.88919881790932,54.71293631836309,152.5847723529305,0.0017683465959328348,258890.0
2023-05-05,18117.30078125,18216.94921875,18055.44921875,18069.0,239700,-0.010232406865540389,-0.010285117822267788,0.005186908515936621,63.135680879421166,183.6832494255359,141.44800893943466,42.23524048610125,155.99668593486402,0.05781112091791707,259365.0
2023-05-08,18120.599609375,18286.94921875,18100.30078125,18264.400390625,228400,0.010814123118324304,0.010756068652657526,0.0053197355450779315,68.27504417028969,195.67408808463733,152.2932247684752,43.380863316162134,160.42186685023088,-0.04714226115978304,258370.0
2023-05-09,18303.400390625,18344.19921875,18229.650390625,18265.94921875,245400,8.480038171931881e-05,8.479678637020549e-05,0.005335192674675673,68.31275361038604,202.9622689006319,162.42703359490656,40.53523530572534,157.14522122700012,0.07443082311733806,258505.0
2023-05-10,18313.599609375,18326.75,18211.94921875,18315.099609375,220500,0.0026908205008338015,0.0026872067245805376,0.005337193365360892,69.54969503837808,210.28025062797315,171.9976770015199,38.28257362645326,154.12061837150011,-0.10146699266503667,256790.0
2023-05-11,18357.80078125,18389.69921875,18270.400390625,18297.0,248900,-0.0009882342854272697,-0.0009887229108728535,0.0053031253665019665,68.48942842063532,212.17351247984334,180.0328440971846,32.14066838265873,151.63334763960725,0.12879818594104298,254020.0
2023-05-12,18273.75,18342.75,18194.55078125,18314.80078125,241700,0.0009728797753729701,0.0009724068345624825,0.005240578378632373,68.99012476595063,212.65891086828924,186.55805745140555,26.100853416883695,151.38805271892102,-0.0289272800321414,254465.0
2023-05-15,18339.30078125,18458.900390625,18287.900390625,18398.849609375,216100,0.004589120522186851,0.004578622613795238,0.0052866313011600136,71.30832687904712,217.32049520119472,192.71054500136339,24.60995019983133,152.78890609614095,-0.10591642532064538,250980.0
2023-05-16,18432.349609375,18432.349609375,18264.349609375,18286.5,219500,-0.006106338807060685,-0.0061250587396132535,0.005230639654691469,64.38002205273801,209.53378479733146,196.07519296055702,13.458591836774445,153.87541280355947,0.01573345673299409,244085.0
2023-05-17,18300.44921875,18309.0,18115.349609375,18181.75,229900,-0.005728269488420423,-0.005744738948538704,0.005406510062781044,58.65762049563151,192.689111007443,195.39797656993423,-2.7088655624912406,156.71648264794808,0.04738041002277904,242635.0
2023-05-18,18287.5,18297.19921875,18104.849609375,18129.94921875,272100,-0.002849053652701161,-0.0028531199312594804,0.005426391048299999,56.006481718102286,173.16357365345175,190.95109598663777,-17.78752233318602,159.26170598559466,0.18355806872553293,242165.0
2023-05-19,18186.150390625,18218.099609375,18060.400390625,18203.400390625,260900,0.0040513721791914925,0.004043187469679982,0.005450159353319403,58.84674937572756,161.75176666068728,185.1112301214477,-23.359463460760423,159.15009975448075,-0.041161337743476634,244455.0
2023-05-22,18201.099609375,18335.25,18178.849609375,18314.400390625,262600,0.006097761825706316,0.0060792457091855085,0.005523888785767542,62.759604686404124,159.82226811466535,180.05343772009124,-20.23116960542589,158.95369195951784,0.006515906477577715,246075.0
2023-05-23,18362.900390625,18419.75,18324.19921875,18348.0,270400,0.001834600568861644,0.0018329197446846867,0.0054058615669692394,63.879154655779516,159.16952706021038,175.87665558811506,-16.707128527904672,155.12482891776656,0.02970297029702973,246810.0
2023-05-24,18294.80078125,18392.599609375,18262.94921875,18285.400390625,232600,-0.0034117947119577385,-0.003417628155656871,0.005524805907017355,60.24524557518624,151.85052147412352,171.07142876531674,-19.220907291193214,153.30522618256896,-0.139792899408284,243570.0
2023-05-25,18268.900390625,18338.099609375,18202.400390625,18321.150390625,235900,0.001955111686716471,0.0019532029433287895,0.005520667747489502,61.5891187182005,147.23761941694465,166.30466689564233,-19.067047478697674,152.04765422309976,0.014187446259673164,243715.0
2023-05-26,18368.349609375,18508.55078125,18333.150390625,18499.349609375,198700,0.009726420827874671,0.009679423693686186,0.005751333752912011,67.48866296770566,156.16092306824794,164.27591813016346,-8.114995061915522,154.57284968037834,-0.15769393810936838,241580.0
2023-05-29,18619.150390625,18641.19921875,18581.25,18598.650390625,265300,0.005367798508963517,0.005353443226476252,0.005604454346897554,70.23238311289514,169.29393357205117,165.279521218541,4.014412353510181,153.66404680142276,0.33517866129843976,240330.0
2023-05-30,18606.650390625,18662.44921875,18575.5,18633.849609375,234400,0.0018925684396833287,0.0018907797884415813,0.005558083781542051,71.16144266921519,180.4619685556936,168.31601068597152,12.145957869722082,148.89870194060686,-0.11647191858273653,238790.0
2023-05-31,18594.19921875,18603.900390625,18483.849609375,18534.400390625,696500,-0.0053370195013254795,-0.005351312266430236,0.005670299994675921,64.98983959068381,179.22203585278112,170.49721571933344,8.724820133447679,148.97736608770637,1.9714163822525599,262305.0
2023-06-01,18579.400390625,18580.30078125,18464.55078125,18487.75,265600,-0.0025169624936233204,-0.0025201353688439534,0.005406395076627716,62.262023623838196,172.48676356158103,170.89512528778295,1.5916382737980825,146.60398279572735,-0.618664752333094,264255.0
2023-06-02,18550.849609375,18573.69921875,18478.400390625,18534.099609375,270900,0.002507044360454902,0.002503906967370625,0.004765634908601865,63.88400071140108,168.94158443956985,170.50441711814034,-1.5628326785704871,142.9393288906754,0.019954819277108404,265815.0
2023-06-05,18612.0,18640.150390625,18582.80078125,18593.849609375,256100,0.003223787573137793,0.0032186023111129003,0.004245716439034686,65.91763274051164,169.00514399423992,170.20456249336027,-1.1994184991203554,140.30443263062716,-0.054632705795496506,267200.0
2023-06-06,18600.80078125,18622.75,18531.599609375,18599.0,220800,0.00027699431442118616,0.00027695595857881204,0.004244006286790821,66.09485784847772,167.53981419098272,169.67161283288476,-2.131798641902037,136.79342963022523,-0.1378367825068333,265970.0
2023-06-07,18665.599609375,18738.94921875,18636.0,18726.400390625,260100,0.006849851638528914,0.006826497990157328,0.004432322327228577,70.21997118717024,174.64547226744617,170.66638471979704,3.9790875476491294,137.01884313878057,0.1779891304347827,267950.0
2023-06-08,18725.349609375,18777.900390625,18615.599609375,18634.55078125,286500,-0.0049048192636628185,-0.004916887367083021,0.004613565143760671,64.1592942922043,170.89528713769687,170.71216520337703,0.1831219343198427,138.82469586101053,0.10149942329873118,269830.0
2023-06-09,18655.900390625,18676.650390625,18555.400390625,18563.400390625,221800,-0.00381819725413457,-0.003825505177262602,0.0047335495429948185,59.8499709005213,160.333768628494,168.63648588840044,-8.302717259906444,137.5693604423669,-0.2258289703315881,268835.0
2023-06-12,18595.05078125,18633.599609375,18559.75,18601.5,179500,0.0020524046550352004,0.0020503013499982166,0.004656927205179443,61.347100854352135,153.2711942636888,165.56342756345813,-12.292233299769322,133.0179496518407,-0.19071235347159599,267005.0
2023-06-13,18631.80078125,18728.900390625,18631.80078125,18716.150390625,233200,0.0061635024393194016,0.00614458574708609,0.0045382848681363025,65.51436955572134,155.13705811019827,163.47815367280617,-8.341095562607904,132.61669543563778,0.2991643454038997,267690.0
2023-06-14,18744.599609375,18769.69921875,18690.0,18755.900390625,261400,0.0021238341844009856,0.002121582036807868,0.0042392971595438134,66.8488561819769,158.00191373797497,162.38290568583994,-4.38099194786497,128.83687567237794,0.12092624356775294,269265.0
2023-06-15,18774.44921875,18794.099609375,18669.05078125,18688.099609375,263000,-0.0036149041015322014,-0.0036214536561356998,0.004284580906076654,62.41246684482017,153.03725780545938,160.51377610976385,-7.476518304304477,128.56630084756523,0.006120887528691554,268810.0
2023-06-16,18723.30078125,18864.69921875,18710.5,18826.0,272800,0.0073790483520230765,0.007351956368470602,0.004448055655334709,67.18283804174712,158.40415673661482,160.09185223513404,-1.6876954985192185,131.9972514566677,0.03726235741444861,269405.0
2023-06-19,18873.30078125,18881.44921875,18719.150390625,18755.44921875,219800,-0.0037475183921172883,-0.003754557931873424,0.004479747589197688,62.79212981489485,155.17583395633483,159.1086485793742,-3.932814623039377,134.16164979012,-0.19428152492668627,267265.0
2023-06-20,18752.349609375,18839.69921875,18660.650390625,18816.69921875,211600,0.003265717567498605,0.0032603966930515953,0.004501850012237611,64.93473572063311,155.76417555063017,158.4397539736254,-2.6755784229952155,137.36787681404002,-0.03730664240218384,264325.0
2023-06-21,18849.400390625,18875.900390625,18794.849609375,18856.849609375,217500,0.0021337637466720683,0.0021314905059401927,0.004367298742292978,66.30450581982319,157.65291678632275,158.28238653616486,-0.6294697498421158,133.3452271308943,0.027882797731568987,263570.0
2023-06-22,18853.599609375,18886.599609375,18759.5,18771.25,252700,-0.004539443817404343,-0.004549778379793411,0.004572086437991518,60.84720503930171,150.50762650190882,156.72743452931365,-6.219808027404838,132.89911157690184,0.16183908045977002,264410.0
2023-06-23,18741.849609375,18756.400390625,18647.099609375,18665.5,210600,-0.005633615236065759,-0.005649543898520234,0.004358033157786744,54.84183089209195,134.75838053546613,152.33362373054416,-17.57524319507803,132.27420293748028,-0.1666007123070835,265005.0
2023-06-26,18682.349609375,18722.05078125,18646.69921875,18691.19921875,171300,0.0013768299134766515,0.0013758829522746805,0.004210611426951009,55.97889411482142,122.93359980066816,146.45361894456897,-23.52001914390081,128.20830004908885,-0.18660968660968658,260305.0
2023-06-27,18748.55078125,18829.25,18714.25,18817.400390625,222500,0.00675190341711196,0.006729211402828641,0.004442561829027222,61.1519341394467,122.33554769590046,141.63000469483526,-19.294456998934805,128.9113344205825,0.29889083479276124,259710.0
2023-06-28,18908.150390625,19011.25,18861.349609375,18972.099609375,398800,0.00822107281232487,0.008187463868637099,0.004536129123672766,66.36908078292231,132.81352947768755,139.86670965140573,-7.053180173718175,133.54978263161232,0.7923595505617977,244825.0
2023-06-30,19076.849609375,19201.69921875,19024.599609375,19189.05078125,247900,0.01143527476356887,0.011370386219451868,0.004983226201045006,72.04006418353941,156.815876157405,143.2565429526056,13.559333204799401,140.4104845418543,-0.37838515546639917,243940.0
2023-07-03,19246.5,19345.099609375,19234.400390625,19322.55078125,226100,0.00695709243369369,0.006933003527425256,0.00511007404856791,74.85037934116755,184.4836306653633,151.50196049515716,32.981670170206144,141.52750908350754,-0.08793868495361035,241700.0
2023-07-04,19406.599609375,19434.150390625,19300.0,19389.0,226900,0.003438946519135566,0.0034330468644171055,0.005112806422655958,76.13611952619078,209.35906112697558,163.07338062152087,46.28568050545471,141.00057205075703,0.0035382574082265528,240240.0
2023-07-05,19405.94921875,19421.599609375,19339.599609375,19398.5,224400,0.0004899685388621844,0.0004898485434720244,0.005109045091432156,76.32248962007031,227.22033500855832,175.90277149892836,51.31756350962996,136.78624547570297,-0.011018069634200045,240420.0
2023-07-06,19385.69921875,19512.19921875,19373.0,19497.30078125,268300,0.00509321758125636,0.005080291021865595,0.0050385343344742685,78.22696590184772,246.50634883306338,190.02348696575538,56.482861867308,136.95860070958133,0.19563279857397498,240830.0
2023-07-07,19422.80078125,19523.599609375,19303.599609375,19331.80078125,237100,-0.00848835445771845,-0.008524585713268293,0.00535451515466993,68.31463906345152,245.60500526157193,201.1397906249187,44.46521463665323,142.89012923032553,-0.11628773760715616,238360.0
2023-07-10,19400.349609375,19435.849609375,19327.099609375,19355.900390625,268200,0.0012466303397029588,0.0012458539412885826,0.005189809875782041,68.93198601501072,244.02238292337643,209.71630908461026,34.30607383876617,140.45154857101656,0.1311682834247152,240680.0
2023-07-11,19427.099609375,19515.099609375,19406.44921875,19439.400390625,251300,0.004313930032438185,0.004304651710725516,0.005213323985902256,71.03754393650642,246.66252345130124,217.10555195794848,29.556971493352762,141.79066786951537,-0.06301267710663683,244270.0
2023-07-12,19497.44921875,19507.69921875,19361.75,19384.30078125,327900,-0.002834429471475497,-0.00283845407345589,0.005242746179278867,67.77346883009928,241.52463025721227,221.98936761780126,19.535262639411002,142.08770721812144,0.3048149621965779,249005.0
2023-07-13,19495.19921875,19567.0,19385.80078125,19413.75,310400,0.0015192303855748879,0.0015180775225879406,0.005242254912796666,68.60381470156419,237.09602335008458,225.01069876425794,12.08532458582664,144.9885294703985,-0.05336992985666367,251455.0
2023-07-14,19493.44921875,19595.349609375,19433.5,19564.5,291200,0.007765114931427508,0.007735121594226721,0.005247868487013716,72.50870544374244,242.9500091254049,228.59856083648734,14.351448288917567,147.60360660644147,-0.061855670103092786,252865.0
2023-07-17,19612.150390625,19731.849609375,19562.94921875,19711.44921875,268700,0.007511013251041421,0.007482946045497489,0.005254593920221006,75.6835781445416,256.49024894509785,234.17689845820945,22.313350486888396,149.12480546490994,-0.07726648351648346,252660.0
2023-07-18,19787.5,19819.44921875,19690.19921875,19749.25,286400,0.001917706853032497,0.0019158704007220429,0.005060210308962677,76.4374063729127,267.19118008365695,240.77975478329896,26.41142530035799,147.70517650313067,0.06587272050614068,255990.0
2023-07-19,19802.94921875,19851.69921875,19727.44921875,19833.150390625,259700,0.004248282371482448,0.00423928389630214,0.005071842596681956,78.06295074200425,279.2230954120605,248.46842290905127,30.754672503009232,146.02980675290706,-0.09322625698324027,258395.0
2023-07-20,19831.69921875,19991.849609375,19758.400390625,19979.150390625,274700,0.007361412439498949,0.007334449485705515,0.005177241264017235,80.57439654292965,297.1145037700735,258.1976390812557,38.91686468881778,152.27405046698516,0.057758952637658734,261255.0
2023-07-21,19800.44921875,19887.400390625,19700.0,19745.0,312500,-0.011719737128305097,-0.011788954585924888,0.005924006766516559,67.2725942186236,289.0674050403686,264.3715922730783,24.695812767290306,161.33664619255765,0.13760465962868573,264245.0
2023-07-24,19748.44921875,19782.75,19658.30078125,19672.349609375,265600,-0.0036794322929856182,-0.0036862180542648424,0.005796242418340625,63.755693161080856,273.67300985994007,266.23187579045066,7.441134069489408,158.70182994666067,-0.15008,266995.0
2023-07-25,19729.349609375,19729.349609375,19615.94921875,19680.599609375,369700,0.0004193703428323481,0.00041928243166748923,0.0058110366678572785,63.985940558509675,259.1512129537914,264.81574322311883,-5.664530269327429,155.46601285225634,0.3919427710843373,276915.0
2023-07-26,19733.349609375,19825.599609375,19716.69921875,19778.30078125,244700,0.004964339187534694,0.0049520574860006375,0.0057575768462219895,66.68507363272153,252.61427224579893,262.3754490276549,-9.761176781855966,154.71844050566662,-0.3381119826886665,278025.0
2023-07-27,19850.900390625,19867.55078125,19603.55078125,19659.900390625,334900,-0.0059863783008722304,-0.006004368496797154,0.005891437965062001,60.74364214003512,235.16889697177612,256.9341386164792,-21.765241644703053,162.5242661838333,0.3686146301593789,274830.0
2023-07-28,19659.75,19695.900390625,19563.099609375,19646.05078125,258700,-0.0007044597937843067,-0.0007047080421790248,0.005459871072924685,60.069447694391506,217.71606833718033,249.09052456061943,-31.374456223439097,160.40116011713093,-0.2275306061510899,275370.0
2023-07-31,19666.349609375,19772.75,19597.599609375,19753.80078125,295100,0.005484562836559181,0.005469577389253641,0.005388001782231814,63.46677071744173,210.15654654839818,241.30372895817518,-31.147182409777002,161.45467658197873,0.14070351758793964,278820.0
2023-08-01,19784.0,19795.599609375,19704.599609375,19733.55078125,298000,-0.0010251191770254131,-0.0010256449710540406,0.005378781619562522,62.39239638650531,200.22351327743309,233.08768582202677,-32.864172544593686,156.42219968326597,0.00982717722805826,282375.0
2023-08-02,19655.400390625,19678.25,19423.55078125,19526.55078125,290700,-0.010489749274959825,-0.010545154493387934,0.005955995566418956,52.59170956027331,173.64665230129322,221.19947911788006,-47.552826816586844,167.3920425630327,-0.02449664429530196,285690.0
2023-08-03,19463.75,19537.650390625,19296.44921875,19381.650390625,315700,-0.007420685416911321,-0.007448355676119346,0.006087377546238942,47.02340692668458,139.28644057723795,204.81687140975166,-65.5304308325137,172.66412322817325,0.08599931200550404,288060.0
2023-08-04,19462.80078125,19538.849609375,19436.44921875,19517.0,280800,0.006983389270114548,0.006959118337332752,0.00596944999371756,52.12267192329026,121.5758567483972,188.1686684774808,-66.59281172908359,171.55948719401803,-0.11054798859676906,290245.0
2023-08-07,19576.849609375,19620.44921875,19524.80078125,19597.30078125,216600,0.004114401867602702,0.004105960861445235,0.006022864914746912,54.89651027705759,112.72032368592772,173.0789995191702,-60.35867583324247,166.6944680194453,-0.2286324786324786,287665.0
2023-08-08,19627.19921875,19634.400390625,19533.099609375,19570.849609375,260300,-0.0013497354646058168,-0.0013506471779916257,0.005973307807719401,53.79098027624247,102.38760089555217,158.94071979444658,-56.55311889889441,162.02349039305636,0.20175438596491224,288115.0
2023-08-09,19578.80078125,19645.5,19467.5,19632.55078125,266500,0.003152707884763739,0.0031477485221408875,0.0059557722543997224,56.016096708584456,98.04738335015645,146.76205250558857,-48.71466915543212,163.1646696506952,0.023818670764502503,285045.0
2023-08-10,19605.55078125,19623.599609375,19495.400390625,19543.099609375,312200,-0.004556268458015711,-0.004566679886024027,0.006062807908612199,52.09926520730105,86.39387289179649,134.68841658283017,-48.29454369103368,161.30650686314553,0.17148217636022522,285135.0
2023-08-11,19554.25,19557.75,19412.75,19428.30078125,235500,-0.005874136161590715,-0.005891456761763215,0.005951722932108864,47.508072133110325,67.12134282023544,121.17500183031123,-54.05365901007579,160.14175637292087,-0.24567584881486226,282350.0
2023-08-14,19383.94921875,19465.849609375,19257.900390625,19434.55078125,243900,0.00032169565781225984,0.0003216439248586792,0.005664195316100759,47.77789303793372,51.75544213374087,107.29108989099717,-55.5356477572563,163.5565751141408,0.03566878980891719,281110.0
2023-08-16,19369.0,19482.75,19317.19921875,19465.0,0,0.0015667570139761278,0.0015655309306883672,0.005656191864352313,49.149283017817005,41.55582295333443,94.14403650346463,-52.588213550130206,163.6990184095593,-1.0,266790.0
2023-08-17,19450.55078125,19461.55078125,19326.25,19365.25,268700,-0.005124582584125403,-0.005137758290060533,0.005611509827739075,44.98187897890831,25.133832735598844,80.34199574989147,-55.20816301429262,161.91694566601936,0.0,267240.0
2023-08-18,19301.75,19373.80078125,19253.599609375,19310.150390625,256100,-0.0028452826260957353,-0.0028493381372506382,0.0052471423209545665,42.821970409531296,7.585765204774361,65.79074964086804,-58.20498443609368,158.9372475380894,-0.04689244510606627,266310.0
2023-08-21,19320.650390625,19425.94921875,19296.30078125,19393.599609375,262600,0.0043215209131937105,0.0043122099570484,0.004837402582107793,46.974750502159615,0.4077495159035607,52.71414961587515,-52.30640009997159,156.84518967822586,0.025380710659898442,263815.0
2023-08-22,19417.099609375,19443.5,19381.30078125,19396.44921875,208700,0.00014693555773015454,0.00014692476375842436,0.0047968783517762245,47.11599833664236,-4.993379401490529,41.172643812402015,-46.166023213892544,150.0847631833526,-0.20525514089870522,260970.0
2023-08-23,19439.19921875,19472.05078125,19366.599609375,19444.0,225200,0.0024515199000461063,0.0024485198272942723,0.00484317460269001,49.53186702697114,-5.374903788033407,31.863134292314932,-37.23803808034834,146.89664951847027,0.07906085289889786,253745.0
2023-08-24,19535.150390625,19584.44921875,19369.0,19386.69921875,268300,-0.002946964680621278,-0.0029513155310064644,0.004685788715428175,46.75976684048414,-10.183568933753122,23.45379364710132,-33.63736258085444,151.7932616064367,0.19138543516873896,254925.0
2023-08-25,19297.400390625,19339.55078125,19229.69921875,19265.80078125,466500,-0.006236153774081932,-0.0062556798015631025,0.0047002298683792715,41.484387069542954,-23.47930935921613,14.06717304583783,-37.546482405053965,152.1651714916912,0.7387253074916138,261505.0
2023-08-28,19298.349609375,19366.849609375,19249.69921875,19306.05078125,248200,0.002089194238900971,0.0020870149074536447,0.004751030292799956,43.75928595873523,-30.41780331809059,5.170177773052146,-35.58798109114274,149.66411571549898,-0.4679528403001072,260980.0
2023-08-29,19374.849609375,19377.900390625,19309.099609375,19342.650390625,307400,0.0018957584743610756,0.0018939637920959618,0.004563371510977749,45.821860606568244,-32.5876767167174,-2.381393124901763,-30.206283591815634,144.10593669117762,0.2385173247381145,261595.0
2023-08-30,19433.44921875,19452.80078125,19334.75,19347.44921875,233000,0.0002480956863764039,0.00024806491573087567,0.004572632245808771,46.10097561016803,-33.53353794251598,-8.611822088424606,-24.92171585409137,142.24485415966492,-0.24202992843201043,258345.0
2023-08-31,19375.55078125,19388.19921875,19223.650390625,19253.80078125,562600,-0.004840350603388277,-0.004852103039648143,0.004099048135194446,41.597233001380644,-41.36297935369657,-15.162053541479,-26.200925812217573,143.83799515718886,1.4145922746781117,271940.0
2023-09-01,19258.150390625,19458.55078125,19255.69921875,19435.30078125,333000,0.009426710188917609,0.009382556025202547,0.004360755120946495,51.48882164277152,-32.547151634782495,-18.639073160139702,-13.908078474642792,148.18885264596108,-0.4081052257376466,272805.0
2023-09-04,19525.05078125,19545.150390625,19432.849609375,19528.80078125,296800,0.004810833701642592,0.004799298621963187,0.004206981989155462,55.65551819047186,-17.810566936092073,-18.473371915330176,0.6628049792381034,145.625418974821,-0.10870870870870875,273605.0
2023-09-05,19564.650390625,19587.05078125,19525.75,19574.900390625,256800,0.0023605960187407238,0.002357814188949651,0.004135395941059381,57.58967621913386,-2.384378553229908,-15.255573242910122,12.871194689680214,139.60223056590522,-0.13477088948787064,275615.0
2023-09-06,19581.19921875,19636.44921875,19491.5,19611.05078125,287600,0.0018467726478093027,0.0018450694598145603,0.0041445168966405595,59.09633539757053,12.61263072597285,-9.681932449133528,22.294563175106376,139.98415829334056,0.1199376947040498,276980.0
2023-09-07,19598.650390625,19737.0,19550.05078125,19727.05078125,304900,0.005915032360780392,0.005897607236551244,0.004293780515679838,63.56879703086832,33.47225189086748,-1.0510955811333265,34.52334747200081,143.33880546881625,0.06015299026425591,278900.0
2023-09-08,19774.80078125,19867.150390625,19727.05078125,19819.94921875,288100,0.004709190366575022,0.004698136818212182,0.004247424568194162,66.70826421522261,56.84451132899267,10.528025800891873,46.31648552810079,143.10743431925795,-0.05510003279763853,277695.0
2023-09-11,19890.0,20008.150390625,19865.349609375,19996.349609375,248800,0.008900143420050854,0.008860770587058942,0.004322175101532134,71.69602566324511,88.58013593773285,26.13844782826007,62.44168810947278,146.3284155732395,-0.13641096841374523,278360.0
2023-09-12,20110.150390625,20110.349609375,19914.650390625,19993.19921875,328100,-0.0001575482868895195,-0.00015756069892455075,0.004330027712139084,71.49002707518827,112.18345584130293,43.34744943086864,68.8360064104343,149.8549015144367,0.3187299035369775,282570.0
2023-09-13,19989.5,20096.900390625,19944.099609375,20070.0,251400,0.003841345269944396,0.003833986143147051,0.0043637030865929976,73.48974603691669,135.52419950260082,61.782799445215076,73.74140005738575,150.06532149554837,-0.23377019201462967,295140.0
2023-09-14,20127.94921875,20167.650390625,20043.44921875,20103.099609375,275100,0.001649208239910216,0.0016478497893743786,0.004072005197407917,74.32557012328928,154.90709628706463,80.40765881358499,74.49943747347965,148.21788223693778,0.09427207637231505,295460.0
2023-09-15,20156.44921875,20222.44921875,20129.69921875,20192.349609375,438200,0.004439613877174287,0.004429787863222843,0.003951541327364491,76.47898219996497,175.44746161634976,99.41561937413795,76.03184224221181,146.15586274679936,0.5928753180661577,304565.0
2023-09-18,20155.94921875,20195.349609375,20115.69921875,20133.30078125,264900,-0.002924316846098174,-0.0029286010148227575,0.004080671992486445,72.16629006205534,184.8304913359716,116.49859376650468,68.33189756946692,141.40547188095653,-0.395481515289822,304680.0
2023-09-20,19980.75,20050.650390625,19878.849609375,19901.400390625,378100,-0.011518249945432046,-0.011585098803333688,0.005065944794066192,58.26929245929388,171.5763610512222,127.51414722344819,44.062213827774,149.48016473767393,0.42733106832767076,313150.0
2023-09-21,19840.55078125,19848.75,19709.94921875,19742.349609375,275100,-0.007991939166498319,-0.00802404589005525,0.005464878517268465,51.01341396295684,146.54897316657662,131.3211124120739,15.227860754502728,152.4780938189115,-0.27241470510446975,315645.0
2023-09-22,19744.849609375,19798.650390625,19657.5,19674.25,246400,-0.003449417659114995,-0.0034553806166447805,0.00548403088697825,48.24340178720472,119.83809959551218,129.02450984876157,-9.186410253249392,151.66897216220354,-0.10432569974554706,314550.0
2023-09-25,19678.19921875,19734.150390625,19601.55078125,19674.55078125,188400,1.5288066889551644e-05,1.5287950028248088e-05,0.005236937254854404,48.25676594765814,97.5690945942988,122.73342679786901,-25.16433220357021,150.30687482026045,-0.23538961038961037,300645.0
2023-09-26,19682.80078125,19699.349609375,19637.44921875,19664.69921875,204900,-0.0005007261720755274,-0.0005008515772894238,0.005241926965783496,47.82121833840438,78.22409031022471,113.83155950034016,-35.60746919011545,143.9921259491704,0.08757961783439483,298480.0
2023-09-27,19637.05078125,19730.69921875,19554.0,19716.44921875,203600,0.002631619198663282,0.002628162551917123,0.005251666143602469,50.35596419485057,66.3045104260018,104.32614968547249,-38.02163925947069,146.32834686351538,-0.006344558321132232,293290.0
2023-09-28,19761.80078125,19766.650390625,19492.099609375,19523.55078125,352800,-0.009783629666773708,-0.009831803841213342,0.005780348817377752,42.13874101727632,40.82229173692758,91.62537809576351,-50.80308635883593,155.48709217683572,0.7328094302554027,299280.0
2023-09-29,19581.19921875,19726.25,19551.05078125,19638.30078125,243500,0.005877516917168757,0.005860311697675281,0.00575916835210116,47.61506625758842,29.546225336805946,79.209547543972,-49.66332220716605,158.85938693206174,-0.3098072562358276,283325.0
2023-10-03,19622.400390625,19623.19921875,19479.650390625,19528.75,221700,-0.005578424654468894,-0.005594042173129665,0.005581228308959903,43.392614996609204,11.635897597832809,65.69481755474416,-54.05891995691135,158.8444586244145,-0.08952772073921966,277760.0
2023-10-04,19446.30078125,19457.80078125,19333.599609375,19436.099609375,277100,-0.004744307271330683,-0.004755597219883326,0.005579345889233799,40.14981433722143,-9.919927633251064,50.57186851714512,-60.49179615039618,161.43773948159918,0.2498872350022554,276775.0
2023-10-05,19521.849609375,19576.94921875,19487.30078125,19545.75,234900,0.005641584105285702,0.005625729970019748,0.005705783933578392,45.35463065052882,-17.948307378308527,36.86783333805439,-54.816140716362916,159.96715875969926,-0.15229159148321902,275680.0
2023-10-06,19621.19921875,19675.75,19589.400390625,19653.5,159100,0.0055127073660514725,0.005497568008546022,0.005827609856947997,49.95984967282872,-15.438367778242537,26.406593114795005,-41.84496089303754,157.82664741972073,-0.3226905065985526,269255.0
2023-10-09,19539.44921875,19588.94921875,19480.5,19512.349609375,165100,-0.00718194675884698,-0.007207861089913015,0.005878941938354553,44.65124936124156,-24.555815289262682,16.21411143398347,-40.76992672324615,158.91045831831212,0.037712130735386484,262265.0
2023-10-10,19565.599609375,19717.80078125,19565.44921875,19689.849609375,216600,0.00909680297624016,0.0090556762901256,0.006157704412612555,51.61398235434443,-17.25973211084056,9.519342725018664,-26.779074835859223,162.23479500093268,0.31193216232586307,258690.0
2023-10-11,19767.0,19839.19921875,19756.94921875,19811.349609375,213700,0.006170692128707245,0.00615173136873013,0.0059719019828488535,55.720184499398556,-1.6544278301880695,7.284588613977318,-8.939016444165388,161.31442459908033,-0.013388734995383178,256935.0
2023-10-12,19822.69921875,19843.30078125,19772.650390625,19794.0,217900,-0.0008757409120068171,-0.0008761245971014768,0.005972118188638253,55.002390019826464,9.206789622799988,7.669028815741853,1.5377608070581354,154.8384221723603,0.019653720168460564,251425.0
2023-10-13,19654.55078125,19805.400390625,19635.30078125,19751.05078125,255000,-0.0021698099802970328,-0.002172167428733089,0.005893166132316354,53.17616278978737,14.185221292551432,8.972267311103769,5.212953981447663,155.92850697254886,0.17026158788435053,251605.0
2023-10-16,19737.25,19781.30078125,19691.849609375,19731.75,181000,-0.0009772027556287366,-0.0009776805295215437,0.005864920486392273,52.33521016803785,16.384383540447743,10.454690556972565,5.929692983475178,151.18012589415252,-0.2901960784313725,246900.0
2023-10-17,19843.19921875,19849.75,19775.650390625,19811.5,185800,0.004041709427698992,0.004033563661320618,0.0058464949443423125,55.468916413573616,24.282480645888427,13.220248574755738,11.062232071132689,148.81011690171306,0.026519337016574607,234280.0
2023-10-18,19820.44921875,19840.94921875,19659.94921875,19671.099609375,198900,-0.007086812741337156,-0.007112043473065063,0.005993909945562929,49.32116579909514,18.993693876403995,14.374937635085391,4.618756241318604,151.1093942658764,0.07050592034445646,230980.0
2023-10-19,19545.19921875,19681.80078125,19512.349609375,19624.69921875,230300,-0.0023588102112444,-0.002361596586600212,0.005482711691583783,47.449467246629446,10.932149504289555,13.686380008926225,-2.75423050463667,152.41952123795667,0.15786827551533444,223590.0
2023-10-20,19542.150390625,19593.80078125,19518.69921875,19542.650390625,198300,-0.004180896084593599,-0.004189660467809165,0.00527628170964148,44.25155503764802,-2.0536638514095102,10.53837123685908,-12.59203508826859,149.1038411495312,-0.13894919669995653,219750.0
2023-10-23,19521.599609375,19556.849609375,19257.849609375,19281.75,176000,-0.013350307425555652,-0.01344022395196905,0.005993450662814364,35.95370041265814,-33.0168973411819,1.827317521250884,-34.844214862432786,159.81070963885043,-0.11245587493696418,216230.0
2023-10-25,19286.44921875,19347.30078125,19074.150390625,19122.150390625,225300,-0.008277236732921023,-0.008311683270009834,0.006204176401101736,32.00060535923828,-69.63117279082508,-12.464380541164308,-57.166792249660766,167.9064011378611,0.2801136363636363,218075.0
2023-10-26,19027.25,19041.69921875,18837.849609375,18857.25,300400,-0.013853064912347501,-0.013949914095014037,0.006799181998098179,26.74450464479898,-118.65570838908025,-33.702646110747494,-84.95306227833275,176.22028543158532,0.33333333333333326,222850.0
2023-10-27,18928.75,19076.150390625,18926.650390625,19047.25,205200,0.010075700327460302,0.010025278863763394,0.007255582702248074,34.99209935108017,-140.55634786476367,-55.07338646155073,-85.48296140321293,179.2688643739721,-0.3169107856191744,222930.0
2023-10-30,19053.400390625,19158.5,18940.0,19140.900390625,180100,0.004916740769664862,0.004904693073893485,0.007136435328977668,38.658039970999546,-148.6425003629156,-73.7872092418237,-74.8552911210919,182.0710883472598,-0.12231968810916183,214295.0
2023-10-31,19232.94921875,19233.69921875,19056.44921875,19079.599609375,206000,-0.0032026069828995363,-0.003207746304394414,0.006964311362047499,37.18005370913458,-158.1739642106113,-90.66456023558123,-67.50940397503007,181.7267248938841,0.14380899500277633,212420.0
2023-11-01,19064.05078125,19096.05078125,18973.69921875,18989.150390625,194100,-0.004740624572936891,-0.004751896973195711,0.006940398087622898,35.05068637553208,-171.05440531110798,-106.74252925068657,-64.31187606042141,177.48564186574953,-0.05776699029126209,211040.0
2023-11-02,19120.0,19175.25,19064.150390625,19133.25,245600,0.007588523257266999,0.007559875254064636,0.007169650034220742,40.86170223898433,-167.7014555073838,-118.93431450202601,-48.767141005357786,178.1009252592674,0.265327150953117,209465.0
2023-11-03,19241.0,19276.25,19210.900390625,19230.599609375,189500,0.005087980838331285,0.005075080802081226,0.007144749383722029,44.47592502953874,-155.39759203002177,-126.22697000762517,-29.1706220223966,175.5937163121769,-0.22842019543973946,207195.0
2023-11-06,19345.849609375,19423.0,19309.69921875,19411.75,180700,0.00941990339899168,0.009375812778954773,0.007373980362527931,50.53409935873321,-129.53615681094743,-126.88880736828963,-2.6473494426577986,176.79419304880713,-0.04643799472295518,208275.0
2023-11-07,19404.05078125,19423.5,19329.099609375,19406.69921875,198700,-0.000260191958478706,-0.0002602258142791332,0.007209044483676594,50.36908245193548,-108.20106439644951,-123.15125877392161,14.950194377472101,170.90892144710662,0.09961261759822904,209955.0
2023-11-08,19449.599609375,19464.400390625,19401.5,19443.5,195000,0.0018962926582819506,0.0018944969651071763,0.006892283488042118,51.608996840327734,-87.31680073099778,-115.98436716533686,28.66756643433908,163.19402638838474,-0.01862103673880222,208875.0
2023-11-09,19457.400390625,19463.900390625,19378.349609375,19395.30078125,208400,-0.002478937369815082,-0.0024820150223140987,0.006713251327077479,49.85231789919668,-73.80437456027721,-107.54836864432494,33.74399408404773,157.64808030707155,0.06871794871794878,208610.0
2023-11-10,19351.849609375,19451.30078125,19329.44921875,19425.349609375,152200,0.001549283945833313,0.0015480850435944918,0.006738606146209258,50.97272778531311,-59.979582871703315,-98.03461148980062,38.05502861809731,155.091186177995,-0.2696737044145874,205325.0
2023-11-13,19486.75,19494.400390625,19414.75,19443.55078125,189300,0.0009369804014345284,0.0009365417093074231,0.00674453931772566,51.67699344098093,-47.012720027418254,-87.83023319732415,40.817513169905894,149.70255792420966,0.24375821287779242,202040.0
2023-11-15,19651.400390625,19693.19921875,19579.650390625,19675.44921875,291500,0.011926753508604282,0.011856190289938534,0.007311862520191728,59.63320317790417,-17.81871885280634,-73.82793032842059,56.00921147561425,156.8415493224804,0.5398837823560485,207565.0
2023-11-16,19674.69921875,19875.25,19627.0,19765.19921875,282700,0.004561522280999375,0.004551150068331243,0.007328319860626602,62.225430689027654,12.416680572918267,-56.57900814815282,68.99568872107109,163.37072437087468,-0.030188679245283012,212410.0
2023-11-17,19674.75,19806.0,19667.44921875,19731.80078125,236800,-0.0016897597201204206,-0.0016911889743673853,0.007154164096083058,60.664232952569314,33.29962037286896,-38.603282443948466,71.90290281681743,161.5978712908122,-0.1623629288998939,214305.0
2023-11-20,19731.150390625,19756.44921875,19670.5,19694.0,173800,-0.0019157289123818977,-0.0019175662679732529,0.007146631411320643,58.86411915382516,46.26596820333725,-21.62943231449132,67.89540051782858,156.19439610932562,-0.26604729729729726,211480.0
2023-11-21,19770.900390625,19829.099609375,19754.05078125,19783.400390625,195000,0.0045394734754240496,0.004529201141300913,0.007132204498316496,61.75459805670236,63.02919532033047,-4.697706787526961,67.72690210785743,154.68762562830236,0.12197928653624857,211315.0
2023-11-22,19784.0,19825.55078125,19703.849609375,19811.849609375,184500,0.0014380348265852216,0.0014370018446946907,0.0063189008340083985,62.65390877170465,77.7139497388307,11.784624517744573,65.92932522108613,152.33145036020932,-0.05384615384615388,211740.0
2023-11-23,19828.44921875,19875.150390625,19786.75,19802.0,170000,-0.0004971574875239915,-0.0004972811112830416,0.005918561521130521,62.109379693734645,87.54774633037232,26.937248880270126,60.610497450102194,147.76494609340864,-0.07859078590785906,208975.0
2023-11-24,19809.599609375,19832.849609375,19768.849609375,19794.69921875,145900,-0.00036868908443588033,-0.0003687570669664962,0.004670314852828144,61.68145971734379,93.67219420032052,40.28423794428021,53.38795625604031,141.7817356581652,-0.1417647058823529,201250.0
2023-11-28,19844.650390625,19916.849609375,19800.0,19889.69921875,229600,0.004799264638990497,0.004787784883390938,0.004358178546314574,65.05530792641571,104.9814089793399,53.22367215129215,51.757736828047754,140.37949672722482,0.5736806031528443,202470.0
2023-11-29,19976.55078125,20104.650390625,19956.30078125,20096.599609375,236200,0.010402389113554511,0.010348656573869122,0.004695330648699275,71.0365258456805,129.15041002154248,68.40901972534222,60.741390296200265,145.70604495206592,0.028745644599303066,205275.0
2023-11-30,20108.5,20158.69921875,20015.849609375,20133.150390625,486600,0.0018187545137213768,0.0018171025823992028,0.004508142146213981,71.94992880161516,149.53016934210973,84.63324964869572,64.896919693414,145.50201383941837,1.0601185436071128,219305.0
2023-12-01,20194.099609375,20291.55078125,20183.69921875,20267.900390625,265800,0.0066929416105065975,0.00667064331563437,0.004231105849521348,75.0711899091033,174.54245747825917,102.61509121460841,71.92736626365075,146.4233264669599,-0.4537607891491985,222890.0
2023-12-04,20601.94921875,20702.650390625,20507.75,20686.80078125,381100,0.020668169003769332,0.020457480483773903,0.005662098399356816,81.83734719171683,225.56644706523002,127.20536238473274,98.36108468049729,167.01808886217705,0.43378480060195646,229665.0
2023-12-05,20808.900390625,20864.05078125,20711.150390625,20855.099609375,421000,0.008135565760247543,0.008102650447744338,0.005735073569554729,83.74611354701213,276.3974970243653,157.04378931265927,119.35370771170602,167.74893965773583,0.1046969299396483,241240.0
2023-12-06,20950.75,20961.94921875,20852.150390625,20937.69921875,359200,0.003960643244200535,0.003952820545223537,0.00559678930816725,84.60144612143962,319.66170731828606,189.56737291378465,130.0943344045014,163.60964597682613,-0.14679334916864606,250165.0
2023-12-07,20932.400390625,20941.25,20850.80078125,20901.150390625,275000,-0.0017455990623970186,-0.0017471243957791426,0.005662819258485251,82.53187828644752,346.99972388254173,221.05384310753607,125.94588077500566,158.38390117491,-0.23440979955456576,253980.0
2023-12-08,20934.099609375,21006.099609375,20862.69921875,20969.400390625,292400,0.003265370504707432,0.0032600507599202964,0.005647999237885852,83.35091996609457,369.9084294655622,250.8247603791413,119.08366908642091,157.31365042134502,0.06327272727272737,258850.0
2023-12-11,20965.30078125,21026.099609375,20923.69921875,20997.099609375,212900,0.001320935183362959,0.001320063516009915,0.005487939626940684,83.68526084198325,385.8509891307149,277.830006129456,108.02098300125886,153.39127472160607,-0.2718878248974008,259075.0
2023-12-12,21018.55078125,21037.900390625,20867.150390625,20906.400390625,244900,-0.004319607014175553,-0.004328963470418101,0.005774193760931633,78.1510611753977,386.7091709722881,299.60583909802244,87.10333187426568,154.6311836700628,0.15030530765617667,263710.0
2023-12-13,20929.75,20950.0,20769.5,20926.349609375,260300,0.0009542158562574343,0.0009537608817135473,0.005773765406561876,78.48803255149448,384.5659842131572,316.59786812104943,67.96811609210778,156.47895626505832,0.06288280930992252,267260.0
2023-12-14,21110.400390625,21210.900390625,21074.44921875,21182.69921875,334400,0.012250087289956912,0.012175662163725103,0.0057979826528416645,82.27175921400872,398.953872437909,333.0690689844214,65.88480345348762,165.62694376398272,0.2846715328467153,269405.0
2023-12-15,21287.44921875,21492.30078125,21235.30078125,21456.650390625,508800,0.012932779200891975,0.012849864921501506,0.006149123409735465,85.25626443063626,427.53360629703457,351.96197644694405,75.57162985009052,175.91084510226966,0.5215311004784688,280710.0
2023-12-18,21434.80078125,21482.80078125,21365.349609375,21418.650390625,249700,-0.0017710126840955187,-0.0017725827811074615,0.006153187421701887,83.16484283007141,442.0216187929691,369.9739049161491,72.04771387682001,171.7351541574647,-0.5092374213836478,281355.0
2023-12-19,21477.650390625,21505.05078125,21337.75,21453.099609375,249800,0.0016083748565725031,0.001607082806947435,0.006020772065504162,83.55860537814254,451.0834281553907,386.1958095639974,64.88761859139333,171.41841323550292,0.0004004805766919528,285155.0
2023-12-20,21543.5,21593.0,21087.349609375,21150.150390625,363900,-0.01412146609423337,-0.014222122733049722,0.007303012739835579,68.406021207583,428.8756952124968,394.7317866936973,34.14390851879949,195.2921259061813,0.4567654123298639,293600.0
2023-12-21,21033.94921875,21288.349609375,20976.80078125,21255.05078125,277500,0.004959794076523361,0.004947534816775346,0.007297047523525829,70.40714666086038,414.9571242647871,398.7768542079153,16.180270056871848,203.59617606466836,-0.23742786479802147,298250.0
2023-12-22,21295.849609375,21390.5,21232.44921875,21349.400390625,284700,0.004438926556610712,0.004429103580375731,0.007237358535601927,72.11773582189669,406.8498694352129,400.3914572533748,6.458412181838071,200.34293357790634,0.025945945945945903,303985.0
2023-12-26,21365.19921875,21477.150390625,21329.44921875,21441.349609375,219500,0.004306875934107168,0.004297627887901326,0.007172104097700299,73.71251491582859,403.1965462703338,400.9524750567666,2.2440712135671674,196.58280774198445,-0.2290129961362838,307665.0
2023-12-27,21497.650390625,21675.75,21495.80078125,21654.75,256500,0.0099527499207277,0.009903547502138933,0.007292074682703327,77.00045298349559,412.76281658963853,403.31454336334104,9.448273226297488,199.28406366219986,0.16856492027334857,309010.0
2023-12-28,21715.0,21801.44921875,21678.0,21778.69921875,393100,0.005723881307796219,0.0057075621422148105,0.007160480751158228,78.66928730337014,425.4415949271024,407.7399536760933,17.701641251009107,195.52800331132843,0.5325536062378167,316855.0
2023-12-29,21737.650390625,21770.30078125,21676.900390625,21731.400390625,270900,-0.0021717930740454694,-0.0021741548367498844,0.007279705819019582,76.39141300911471,426.75364756412455,411.54269245369954,15.210955110425004,188.83306222659067,-0.3108623759857543,306070.0
2024-01-01,21727.75,21834.349609375,21680.849609375,21741.900390625,154000,0.00048317180721269004,0.0004830551173010514,0.007283640888771502,76.55371438096847,423.75592643855634,413.98533925067096,9.770587187885383,186.3092720675485,-0.4315245478036176,300480.0
2024-01-02,21751.349609375,21755.599609375,21555.650390625,21665.80078125,263700,-0.003500136051024061,-0.0035062758581720864,0.006246186265816997,72.65522070364781,410.5075330545478,413.28977801144634,-2.7822449568985235,187.2835539734379,0.7123376623376623,294610.0
2024-01-03,21661.099609375,21677.0,21500.349609375,21517.349609375,311900,-0.00685186637566948,-0.006875448193459907,0.006411097125039232,65.6335224026871,383.60733041830827,407.35328849281876,-23.745958074510497,186.52404230569235,0.18278346605991658,289155.0
2024-01-04,21605.80078125,21685.650390625,21564.55078125,21658.599609375,339200,0.006564470186349425,0.006543017882762483,0.006487618834345429,68.73016081255125,369.4278858409889,399.76820796245283,-30.34032212146394,185.22238080171434,0.08752805386341778,288155.0
2024-01-05,21705.75,21749.599609375,21629.19921875,21710.80078125,309300,0.002410182228605562,0.0024072823978970102,0.006438008778428664,69.81273031755943,358.2728260414806,391.4691315782584,-33.1963055367778,180.59223864623476,-0.08814858490566035,289870.0
2024-01-08,21747.599609375,21763.94921875,21492.900390625,21513.0,231500,-0.00911070868564301,-0.009152465005292239,0.006882938237615425,61.17087017969547,329.67124591603715,379.1095544458142,-49.43830852977703,187.05342360900372,-0.25153572583252504,286825.0
2024-01-09,21653.599609375,21724.44921875,21517.849609375,21544.849609375,228600,0.0014804820050666745,0.001479387172036867,0.0068830796615762845,61.98682763699151,306.04637282298427,364.4969181212482,-58.45054529826393,188.79598040478916,-0.012526997840172749,287610.0
2024-01-10,21529.30078125,21641.849609375,21448.650390625,21618.69921875,217000,0.0034277152411805734,0.003421854015216792,0.006767429948615134,63.88205644262719,289.94028584469197,349.58559166593693,-59.64530582124496,189.1104974294471,-0.05074365704286965,286215.0
2024-01-11,21688.0,21726.5,21593.75,21647.19921875,212500,0.0013183031833516878,0.001317434984659037,0.0067658779654377645,64.61526052944083,276.2908982025001,334.9266529732496,-58.635754770749486,185.08474761305803,-0.020737327188940058,283825.0
2024-01-12,21773.55078125,21928.25,21715.150390625,21894.55078125,294700,0.011426492637705898,0.011361703346499745,0.006701649629213119,70.2583987759058,282.1800678765394,324.37733595390756,-42.197268077368165,191.93946430141102,0.3868235294117648,281840.0
2024-01-15,22053.150390625,22115.55078125,21963.55078125,22097.44921875,345500,0.009267074694848665,0.009224398809286917,0.006426207068392355,73.93102974353947,299.76399277356177,319.45466731783847,-19.690674544276703,194.01521685131024,0.172378690193417,273675.0
2024-01-16,22080.5,22124.150390625,21969.80078125,22032.30078125,292400,-0.0029482333845447517,-0.002952587985615914,0.0064628703876757915,70.90348538660356,304.92743187779706,316.5492202298302,-11.62178835203315,191.18195917443094,-0.1536903039073806,275810.0
2024-01-17,21647.25,21851.5,21550.44921875,21571.94921875,456000,-0.020894393512082443,-0.021115770473744744,0.008192642044158703,54.05768934014116,268.77470331983204,306.9943168478306,-38.21961352799855,211.9440736976859,0.5595075239398084,286120.0
2024-01-18,21414.19921875,21539.400390625,21285.55078125,21462.25,387300,-0.0050852715087356115,-0.0050982455047793645,0.007573460276541315,50.95115213307862,228.63602157704008,291.32265779367253,-62.68663621663245,217.26224254070834,-0.1506578947368421,287290.0
2024-01-19,21615.19921875,21670.599609375,21575.0,21622.400390625,343100,0.00746195718645537,0.007434254509367264,0.007666148674677956,55.015502214745304,207.35832747995664,274.5297917309294,-67.17146425097275,216.6256258860149,-0.11412341853860053,290570.0
2024-01-23,21716.69921875,21750.25,21192.599609375,21238.80078125,449700,-0.01774084294273448,-0.017900098054810153,0.00867772550739501,45.327046526603205,157.7241729240668,251.1686679695569,-93.4444950454901,240.98453765308528,0.31069658991547655,298820.0
2024-01-24,21185.25,21482.349609375,21137.19921875,21453.94921875,407500,0.010129971071150878,0.010079006802925212,0.008930149516212325,50.583427326260356,134.20242664324905,227.77541970429533,-93.57299306104628,248.42495572250778,-0.0938403380031132,308220.0
2024-01-25,21454.599609375,21459.0,21247.05078125,21352.599609375,418100,-0.004724053755400193,-0.004735247364061254,0.008674498028290203,48.23103666009108,106.15946653983337,203.45222907140297,-97.2927625315696,245.81954593875722,0.026012269938650245,316300.0
2024-01-29,21433.099609375,21763.25,21429.599609375,21737.599609375,376700,0.018030591452244726,0.01786996821930258,0.009531511458091863,56.505804717356106,113.69094262360159,185.4999717818427,-71.80902915824112,257.5931777020603,-0.09901937335565658,315480.0
2024-01-30,21775.75,21813.05078125,21501.80078125,21522.099609375,375100,-0.009913698102483215,-0.009963166019046519,0.009776926398531187,51.539871021843354,101.10516528041262,168.62101048155668,-67.51584520114406,261.42580786619885,-0.004247411733474871,320690.0
2024-01-31,21487.25,21741.349609375,21448.849609375,21725.69921875,410600,0.009460025419002926,0.009415559590485083,0.010024318509186182,55.517391703027194,106.33388218070468,156.16358482138628,-49.8297026406816,263.6453930186132,0.09464142895227945,333520.0
2024-02-01,21780.650390625,21832.94921875,21658.75,21697.44921875,332500,-0.0013003033741542103,-0.00130114950214822,0.00999624281690867,54.84474181810526,106.96511186405405,146.32389022991984,-39.35877836586579,257.25638057085513,-0.19020944958597175,336960.0
2024-02-02,21812.75,22126.80078125,21805.55078125,21853.80078125,442800,0.007205988175093214,0.007180149098767169,0.009976091472107667,57.88601095645737,118.71317871723659,140.8017479273832,-22.088569210146602,269.54889356579406,0.33172932330827076,343505.0
2024-02-05,21921.05078125,21964.30078125,21726.94921875,21771.69921875,440800,-0.0037568550808078083,-0.0037639297855089193,0.009928591279403662,55.76217904609525,120.01523546867611,136.64444543564179,-16.629209966965675,267.24908420395167,-0.004516711833784992,348585.0
2024-02-06,21825.19921875,21951.400390625,21737.55078125,21929.400390625,371000,0.007243402101531293,0.007217294659854949,0.010040952660493376,58.882781386206126,132.24782087400672,135.76512052331478,-3.5172996493080575,263.4348360018837,-0.15834845735027225,351670.0
2024-02-07,22045.05078125,22053.30078125,21860.150390625,21930.5,346300,5.014315737827957e-05,5.014190025218764e-05,0.00978283911281528,58.90454979289313,140.4123757613852,136.69457157092887,3.71780419045632,258.4145184749635,-0.0665768194070081,357410.0
2024-02-08,22009.650390625,22011.05078125,21665.30078125,21717.94921875,491100,-0.009692017110872975,-0.009739290405751649,0.010069000131812117,53.05723491121083,128.25334788669352,135.0063268340818,-6.7529789473882715,264.6527671553232,0.4181345654057176,370535.0
2024-02-09,21727.0,21804.44921875,21629.900390625,21782.5,349200,0.0029722318898448563,0.0029678235415700974,0.010062338385388423,54.53336270027387,122.41481745340207,132.48802495794584,-10.073207504543774,258.21677151030013,-0.28894318875992675,377145.0
2024-02-12,21800.80078125,21831.69921875,21574.75,21616.05078125,287400,-0.0076414194307357075,-0.007670764664605448,0.01021766413965217,50.15386189914159,103.16742923696438,126.62390581374956,-23.456476576785178,258.12623202742157,-0.17697594501718217,380890.0
2024-02-13,21664.30078125,21766.80078125,21543.349609375,21743.25,365800,0.005884480011507653,0.005867234081485647,0.009964801332808864,53.244061129265496,97.05881570001657,120.71088779100297,-23.652072090986408,255.6494420165343,0.2727905358385525,384445.0
2024-02-14,21578.150390625,21870.849609375,21530.19921875,21840.05078125,359100,0.004451992284961959,0.004442111482625561,0.009778685509764804,55.50478428204203,98.88878119728179,116.34646647225875,-17.457685274976967,261.7209383457104,-0.018316019682886875,385125.0
2024-02-15,21906.55078125,21953.849609375,21794.80078125,21910.75,345400,0.0032371361888359207,0.003231907943473083,0.009797669866119602,57.134959454262784,104.8354008894712,114.04425335570126,-9.208852466230056,254.38721618708823,-0.038150932887775046,387775.0
2024-02-16,22020.30078125,22068.650390625,21968.94921875,22040.69921875,343900,0.005930843022260657,0.005913324803860001,0.008557571200656564,60.033384487123605,118.66604743304924,114.96861217117086,3.6974352618783826,247.4953000755105,-0.004342790966994747,382170.0
2024-02-19,22103.44921875,22186.650390625,22021.05078125,22122.25,0,0.0037000088082788096,0.0036931806134258504,0.008448894856011233,61.77996669058466,134.6551798682376,118.90592571058421,15.749254157653397,241.6456078826169,-1.0,362805.0
2024-02-20,22099.19921875,22215.599609375,22045.849609375,22196.94921875,295700,0.0033766555730090353,0.003370967472487328,0.00834729530198733,63.35948911455442,151.60665800271818,125.44607216901102,26.16058583370716,236.51020731957286,0.0,360435.0
2024-02-21,22248.849609375,22249.400390625,21997.94921875,22055.05078125,364500,-0.006392700010330099,-0.006413220819374543,0.00728323073264337,58.420414306214475,151.84048593711123,130.72495492263107,21.115531014480155,237.57741907353193,0.23266824484274595,356175.0
2024-02-22,22081.55078125,22252.5,21875.25,22217.44921875,343500,0.0073633218581414805,0.007336344949249518,0.007145355933754565,62.06511313363646,163.24816966420258,137.22959787094538,26.018571793257195,247.5540319968511,-0.057613168724279795,352975.0
2024-02-23,22290.0,22297.5,22186.099609375,22212.69921875,226000,-0.0002137959201901074,-0.000213818777795819,0.006999458663215278,61.89421865917849,169.94651822914238,143.77298194258478,26.173536286557606,237.82877189886176,-0.34206695778748175,343370.0
2024-02-26,22169.19921875,22202.150390625,22075.150390625,22122.05078125,207800,-0.004080928508836235,-0.004089278221713085,0.006029971409984462,58.57927711882275,166.02658527313542,148.2237026086949,17.802882664440517,230.66591877215737,-0.08053097345132743,334925.0
2024-02-27,22090.19921875,22218.25,22085.650390625,22198.349609375,252200,0.003448994348646428,0.003443060208267885,0.005481793643400031,60.497051573061114,167.14988807514965,152.00893970198587,15.14094837316378,223.66118238664615,0.2136669874879693,328780.0
2024-02-28,22214.099609375,22229.150390625,21915.849609375,21951.150390625,203000,-0.011135927809948543,-0.011198396451173726,0.005850013328178817,52.08325707723414,146.4055307909657,150.88825791978184,-4.482727128816123,230.06401087688573,-0.19508326724821567,318400.0
2024-02-29,21935.19921875,22060.55078125,21860.650390625,21982.80078125,360200,0.0014418556686905948,0.0014408171929075416,0.005837297436800299,52.98485343670356,131.0092076034598,146.91244785651745,-15.903240253057646,227.9094665731796,0.7743842364532019,319785.0
2024-03-01,22048.30078125,22353.30078125,22047.75,22338.75,351500,0.016192168700068565,0.0160624736924449,0.006642388517811081,61.71050965680675,145.84838828158536,146.69963594153103,-0.8512476599456704,238.09450467509535,-0.024153248195446952,315220.0
2024-03-04,22403.5,22440.900390625,22358.30078125,22405.599609375,298800,0.0029925402887358565,0.0029880715530739466,0.006553294976539699,63.095771733713875,161.1451694663665,149.58874264649813,11.556426819868364,228.38421081437426,-0.14992887624466567,308120.0
2024-03-05,22371.25,22416.900390625,22269.150390625,22356.30078125,296200,-0.00220029050703785,-0.0022027147028049303,0.006453595568551159,61.33350142835504,167.3607448522671,153.14314308765194,14.217601764615154,222.62462432763323,-0.00870147255689424,304380.0
2024-03-06,22327.5,22497.19921875,22224.349609375,22474.05078125,312300,0.005266971542034149,0.0052531495595052715,0.006519352305461786,63.92520396783477,179.71641508506582,158.4577974871347,21.258617597931107,226.212123259588,0.054355165428764396,302680.0
2024-03-07,22505.30078125,22525.650390625,22430.0,22493.55078125,379900,0.0008676673462120199,0.0008672911404987264,0.005990529794948155,64.3513435281924,188.9042887422729,164.54709573816237,24.357193004110542,216.8862852142603,0.2164585334614153,297120.0
2024-03-11,22517.5,22526.599609375,22307.25,22332.650390625,277900,-0.007153178801771132,-0.007178885448103384,0.006303831298882038,58.23821922699758,181.11465103077353,167.8606067966846,13.254044234088923,217.06223694002742,-0.26849170834430114,293555.0
2024-03-12,22334.44921875,22452.55078125,22256.0,22335.69921875,299200,0.0001365188668460693,0.00013650954899359894,0.005954583587435829,58.31901787219582,173.19088525502593,168.9266624883529,4.2642227666730435,215.59713296216833,0.07664627563871895,294145.0
2024-03-13,22432.19921875,22446.75,21905.650390625,21997.69921875,493300,-0.015132725270416536,-0.015248393356596964,0.006953355041638165,47.37569720387036,138.04615839077815,162.75056166883795,-24.7044032780598,238.84730984879917,0.6487299465240641,300520.0
2024-03-14,21982.55078125,22204.599609375,21917.5,22146.650390625,426700,0.006771215952804832,0.006748394232673185,0.007039337059248883,51.6788620602434,120.82008514653353,154.36446636437708,-33.54438121784355,242.29390267209922,-0.135009122237989,303900.0
2024-03-15,22064.849609375,22120.900390625,21931.69921875,22023.349609375,661500,-0.005567468627318717,-0.005583024746448362,0.007147401261805897,48.167600146749756,96.11104709025676,142.71378250955303,-46.602735419296266,240.34085047230644,0.5502695101945161,319705.0
2024-03-18,21990.099609375,22123.69921875,21916.55078125,22055.69921875,356300,0.0014688778023679294,0.001467800056624233,0.007030382013253031,49.14389560596052,78.23742717191635,129.81851144202568,-51.58108427010933,237.96996383142744,-0.46137566137566133,320325.0
2024-03-19,21946.44921875,21978.30078125,21793.099609375,21817.44921875,344200,-0.010802196640288697,-0.010860963960358783,0.00737641729984992,42.756412528143564,44.3365861855018,112.72212639072092,-68.38554020521912,239.7292242273969,-0.033960145944428866,337535.0
2024-03-20,21843.900390625,21930.900390625,21710.19921875,21839.099609375,312400,0.0009923428906801757,0.0009918508439663014,0.0073264326969830216,43.47538997598659,18.997934679780883,93.97728804853291,-74.97935336875203,238.37007763079714,-0.09238814642649618,338370.0
2024-03-21,21989.900390625,22080.94921875,21941.30078125,22011.94921875,353200,0.0079146856998078,0.007883528864675105,0.0074476873517807275,48.98445965121393,12.71778698664275,77.7253878361549,-65.00760084951214,238.61861561252593,0.1306017925736236,337805.0
2024-03-22,21932.19921875,22180.69921875,21883.30078125,22096.75,388700,0.0038524885010076115,0.0038450866714008036,0.007303795792850294,51.48280520721193,14.417245993598044,65.06375946764352,-50.64651347404548,242.81717431877408,0.10050962627406568,340065.0
2024-03-26,21947.900390625,22073.19921875,21947.55078125,22004.69921875,328400,-0.00416580634029895,-0.004174507484794188,0.007355635526473052,48.69509550276993,8.241349605956202,53.69927749530606,-45.45792788934986,236.13017749243306,-0.1551324929251351,345185.0
2024-03-27,22053.94921875,22193.599609375,22052.849609375,22123.650390625,409100,0.005405716783151604,0.005391158338500764,0.007415381889168993,52.29025659048708,12.7977482027527,45.5189716367954,-32.7212234340427,232.75662128761644,0.24573690621193656,355250.0
2024-03-28,22163.599609375,22516.0,22163.599609375,22326.900390625,410500,0.009187001078543977,0.009145057280234776,0.0076601512438461035,57.73954898182682,32.435408092522266,42.90225892794078,-10.466850835418512,244.15612043671527,0.0034221461745294057,363165.0
2024-04-01,22455.0,22529.94921875,22427.75,22462.0,0,0.006050979178091831,0.006032745520934439,0.007258660758293324,60.93361901342306,58.2285815962714,45.9675234616069,12.261058134664495,241.21988527159274,-1.0,353015.0
2024-04-02,22458.80078125,22497.599609375,22388.150390625,22453.30078125,289500,-0.0003872860275131451,-0.00038736104211539534,0.007266316492567209,60.6159258340227,77.07938006392214,52.189894782069956,24.88948528185219,231.8076948057647,0.0,349480.0
2024-04-03,22385.69921875,22521.099609375,22346.5,22434.650390625,309600,-0.0008306302403686683,-0.0008309754048160305,0.006355194673339072,59.89492903455381,89.48234622018572,59.64838506969312,29.8339611504926,227.72140298928153,0.0694300518134714,347385.0
2024-04-04,22592.099609375,22619.0,22303.80078125,22514.650390625,401000,0.003565912488363576,0.0035595696965144527,0.006369591833256848,61.983756333266186,104.56179439138577,68.63106693403165,35.93072745735412,233.96981840076143,0.295219638242894,352495.0
2024-04-05,22486.400390625,22537.599609375,22427.599609375,22513.69921875,242200,-4.224679746289706e-05,-4.22476898839797e-05,0.006344204895320075,61.9424472742824,115.10871250254058,77.92659604773344,37.182116454807144,225.11483137213563,-0.39600997506234414,349795.0
2024-04-08,22578.349609375,22697.30078125,22550.349609375,22666.30078125,227600,0.006778164752814453,0.006755296273493474,0.006413807191281733,65.87216058795826,134.23353125056383,89.18798308829952,45.04554816226431,222.14959788126882,-0.06028075970272506,345560.0
2024-04-09,22765.099609375,22768.400390625,22612.25,22642.75,232400,-0.0010390218270411866,-0.0010395619844089984,0.006421069208489158,64.76077925521358,145.80894195057772,100.51217486075517,45.29676708982255,217.43536879153532,0.02108963093145877,338185.0
2024-04-10,22720.25,22775.69921875,22673.69921875,22753.80078125,276800,0.0049044741142307835,0.004892486360835239,0.006242916472505927,67.54169605220517,162.07510733434174,112.82476135547248,49.25034597886926,211.40064378856852,0.1910499139414803,338130.0
2024-04-12,22677.400390625,22726.44921875,22503.75,22519.400390625,357200,-0.010301592814249916,-0.01035502147176367,0.006734870324742019,57.268633834740704,154.27363757279454,121.1145365989369,33.15910097385765,214.1613678929565,0.29046242774566466,341030.0
2024-04-15,22339.05078125,22427.44921875,22259.55078125,22272.5,355500,-0.010963897188301042,-0.011024443666037696,0.006268064655719166,48.84174512244169,126.70751315052621,122.23313190925477,4.474381241271445,217.42481371310248,-0.004759238521836462,334140.0
2024-04-16,22125.30078125,22213.75,22079.44921875,22147.900390625,317300,-0.005594325260972033,-0.005610032105390299,0.006241297005941339,45.225071761201704,93.72659197894973,116.53182392319377,-22.805231944244042,215.68381139430946,-0.10745428973277071,328670.0
2024-04-18,22212.349609375,22326.5,21961.69921875,21995.849609375,456900,-0.0068652458503182245,-0.006888920065700564,0.006309271101253043,41.21434416427064,54.689322562710004,104.16332365109703,-49.47400108838703,226.33502352685878,0.4399621809013552,318440.0
2024-04-19,21861.5,22179.55078125,21777.650390625,22147.0,362500,0.0068717686886063944,0.006848265696137249,0.006490074345609312,46.31152746070829,35.538908197417186,90.43844056036106,-54.89953236294387,238.87540689101172,-0.2066097614357627,318750.0
2024-04-22,22336.900390625,22375.650390625,22198.150390625,22336.400390625,279300,0.008551965982977361,0.008515605079627573,0.0061903072545421685,51.93545827377399,35.23888356566749,79.39852916142235,-44.15964559575485,238.14504858629658,-0.2295172413793104,315505.0
2024-04-23,22447.05078125,22447.55078125,22349.44921875,22368.0,231500,0.0014147135985376202,0.0014137138340638612,0.006190367715926156,52.82337315231891,37.123005373374326,70.94342440381274,-33.820419030438416,229.0740015890611,-0.17114214106695314,311460.0
2024-04-24,22421.55078125,22476.44921875,22384.0,22402.400390625,235900,0.0015379287654238016,0.001536747364098986,0.005988925632782712,53.82345220886676,40.92030569567214,64.93880066218463,-24.018494966512492,220.45794567198533,0.01900647948164136,305595.0
2024-04-25,22316.900390625,22625.94921875,22305.25,22570.349609375,475000,0.0074969296067168845,0.007468967297299811,0.006136387516820703,58.45403444127809,56.826728746527806,63.31638627905327,-6.489657532525463,227.61803660612924,1.013565069944892,309910.0
2024-04-26,22620.400390625,22620.400390625,22385.55078125,22419.94921875,329900,-0.006663626980883297,-0.006685928069119567,0.0062733160780158925,53.299462248591304,56.64367600150581,61.98184422354378,-5.338168222037972,228.13457751819143,-0.30547368421052634,309985.0
2024-04-29,22475.55078125,22655.80078125,22441.900390625,22643.400390625,292000,0.00996662256880243,0.009917283345523465,0.006519353303609146,59.07375025231201,73.6799113394336,64.32145764672175,9.358453692711848,228.68579073117775,-0.11488329796908159,304130.0
2024-04-30,22679.650390625,22783.349609375,22568.400390625,22604.849609375,361900,-0.00170251731563964,-0.0017039682453004383,0.006266521486008123,57.74714322152285,83.11245606186276,68.07965732974995,15.03279873211281,227.7046070182365,0.23938356164383556,301700.0
2024-05-02,22567.849609375,22710.5,22567.849609375,22648.19921875,445900,0.0019177127972140884,0.0019158763335262374,0.0061457694203538304,58.86577652130274,93.01356442915494,73.06643874963095,19.947125679523992,221.62930584729102,0.23210831721470027,323995.0
2024-05-03,22766.349609375,22794.69921875,22348.05078125,22475.849609375,438100,-0.007609859296553445,-0.0076389620148829334,0.006403946198583772,52.872413306118816,85.96217263653307,75.64558552701138,10.316587109521691,237.70210096534169,-0.017492711370262426,331425.0
2024-05-06,22561.599609375,22588.80078125,22409.44921875,22442.69921875,320300,-0.0014749338156797576,-0.0014760226012829026,0.006410238834220711,51.78037975396022,76.81347642281253,75.87916370617161,0.9343127166409175,233.53420536067443,-0.26888838164802553,331960.0
2024-05-07,22489.75,22499.05078125,22232.05078125,22302.5,297800,-0.006246985595782073,-0.0062665796554610105,0.00650043062220887,47.32823961520972,57.58634397419519,72.22059975977633,-14.634255785581146,235.9246192634834,-0.07024664377146428,326800.0
2024-05-08,22231.19921875,22368.650390625,22185.19921875,22302.5,277400,0.0,0.0,0.006500584956959824,47.32823961520972,41.86609668283927,66.14969914438892,-24.28360246154965,232.17651587859174,-0.06850235057085297,328560.0
2024-05-09,22224.80078125,22307.75,21932.400390625,21957.5,331300,-0.01546911781190452,-0.015590012996666094,0.007086987441643067,38.00292508925258,1.5511895835370524,53.229997232218544,-51.67880764868149,242.40316541404945,0.19430425378514782,333745.0
2024-05-10,21990.94921875,22131.30078125,21950.30078125,22055.19921875,265800,0.0044494691449390444,0.004439599522660019,0.007214088181191888,41.51714078284537,-22.2585713442204,38.13228351693076,-60.39085486115116,238.01722502733162,-0.19770600664050708,335415.0
2024-05-13,22027.94921875,22131.650390625,21821.05078125,22104.05078125,278200,0.0022149680905385605,0.002212518664983643,0.007116962710876386,43.249349074322886,-36.76229276802769,23.15336825993907,-59.91566102796676,243.2016810521651,0.04665161775771254,335485.0
2024-05-14,22112.900390625,22270.05078125,22081.25,22217.849609375,230200,0.005148324587705533,0.005135117275633606,0.006937293242586661,47.174523439659,-38.62869457137276,10.796955693676706,-49.42565026504947,239.3159024948676,-0.17253774263120059,329135.0
2024-05-15,22255.599609375,22297.55078125,22151.75,22200.55078125,231900,-0.0007786004689536163,-0.0007789037357247285,0.006497070932283266,46.64635866727365,-41.030725640132005,0.4314194269149638,-41.46214506704697,232.63625097737707,0.00738488271068638,322955.0
2024-05-16,22319.19921875,22432.25,22054.55078125,22403.849609375,368900,0.009157377676264788,0.00911570311987133,0.0066790032863192975,53.268180282182456,-26.227501861925703,-4.90036483085317,-21.32713703107253,242.99789153256444,0.5907718844329453,325535.0
2024-05-17,22415.25,22502.150390625,22345.650390625,22466.099609375,242700,0.0027785403439750667,0.0027746873362616406,0.006456499932262702,55.105544623330054,-9.364833638406708,-5.793258592363878,-3.57157504604283,236.81947070880983,-0.34209812957441044,314825.0
2024-05-21,22404.55078125,22591.099609375,22404.55078125,22529.05078125,347600,0.002802051667603722,0.002798133238882937,0.00632754877215873,56.948928167090585,8.97512621493297,-2.839581630904508,11.814707845837479,233.228710524252,0.4322208487845076,314080.0
2024-05-22,22576.599609375,22629.5,22483.150390625,22597.80078125,290300,0.0030516154749500313,0.0030469687473969323,0.00609290402000398,58.932181528738425,28.726090473643126,3.473552790005019,25.252537683638106,227.02306044216257,-0.16484464902186424,314630.0
2024-05-23,22614.099609375,22993.599609375,22577.44921875,22967.650390625,369800,0.01636661960848307,0.01623413013834582,0.007028770958308009,67.58373898718483,73.37680235897642,17.4542027037993,55.92259965517712,240.5321554552224,0.2738546331381331,321545.0
2024-05-24,22930.75,23026.400390625,22908.0,22957.099609375,261900,-0.0004593757337192361,-0.00045948127907615604,0.007039737511563285,67.14915138848768,106.6816931966714,35.29970080237372,71.38199239429768,231.8084579673494,-0.2917793401838832,322845.0
2024-05-27,23038.94921875,23110.80078125,22871.19921875,22932.44921875,260000,-0.0010737589261899938,-0.0010743358183047916,0.006898572228542602,66.08002467507272,129.59310992054088,54.15838262600715,75.43472729453373,232.36510829111018,-0.0072546773577701895,312095.0
2024-05-28,22977.150390625,22998.55078125,22858.5,22888.150390625,217900,-0.0019317094176221072,-0.00193357757447097,0.006706476705822747,64.1047302202709,142.5329958803195,71.83330527686962,70.69969060344988,225.77122778817375,-0.16192307692307695,306495.0
2024-05-29,22762.75,22825.5,22685.44921875,22704.69921875,269900,-0.008015115627261094,-0.0080474093408375,0.0066568575024909165,56.56398017225062,136.4124940082911,84.74914302315392,51.663350985137185,224.1233666515185,0.23864157870582847,305390.0
2024-05-30,22617.44921875,22705.75,22417.0,22488.650390625,373400,-0.009515599658179275,-0.00956116224385675,0.00699440002587171,49.22072554075455,112.82800632070939,90.36491568266501,22.463090638044378,228.7395547478386,0.38347536124490555,305965.0
2024-05-31,22568.099609375,22653.75,22465.099609375,22530.69921875,572100,0.0018697799732139142,0.0018680341105537352,0.006993625673189432,50.565849677089325,96.41866457749711,91.57566546163144,4.842999115865666,225.87604302477874,0.5321371183717194,312275.0
2024-06-03,23337.900390625,23338.69921875,23062.30078125,23263.900390625,569400,0.03254231769535276,0.03202403067452011,0.009836728370901762,66.98728347795905,140.9525368703944,101.45103974338403,39.50149712701037,267.45632566586596,-0.004719454640797038,318840.0
2024-06-04,23179.5,23179.5,21281.44921875,21884.5,1006100,-0.05929359941641077,-0.06112419596275757,0.017168074588189974,40.03944533485666,64.19981264123635,94.0007943229545,-29.800981681718156,389.9559575379469,0.7669476642079383,353130.0
2024-06-05,22128.349609375,22670.400390625,21791.94921875,22620.349609375,638500,0.033624236760035675,0.03307130264902321,0.01874518856179746,51.295454988576076,62.03454383472854,87.60754422530931,-25.573000390580773,424.84847284773645,-0.36537123546367156,370165.0
2024-06-06,22798.599609375,22910.150390625,22642.599609375,22821.400390625,480400,0.008888049244237806,0.008848783029735371,0.018831837069257316,53.84486799650947,75.66940075174352,85.21991553059615,-9.55051477885263,415.20220916218386,-0.24761158966327335,380315.0
2024-06-07,22821.849609375,23320.19921875,22789.05078125,23290.150390625,473600,0.020539931466807104,0.02033183181806326,0.018864223453723863,59.206334928593975,122.88281399724656,92.75249522392625,30.13031877332031,423.484082614885,-0.014154870940882636,387430.0
2024-06-10,23319.150390625,23411.900390625,23227.150390625,23259.19921875,304400,-0.0013289382574128705,-0.0013298220789751808,0.01888428493284681,58.72129248851891,156.00396662979256,105.40278950509952,50.60117712469304,406.4316481423932,-0.3572635135135135,389360.0
2024-06-11,23283.75,23389.44921875,23206.650390625,23264.849609375,305200,0.0002429314342191624,0.00024290193115634738,0.01889186249270328,58.787670583472746,180.62650806834426,120.44753321774847,60.17897485059579,390.457875284008,0.0026281208935610145,390710.0
2024-06-12,23344.44921875,23441.94921875,23295.94921875,23322.94921875,295600,0.002497312914139238,0.002494199810096445,0.018882136809804287,59.508678556076994,202.493977942504,136.8568221626996,65.6371557798044,375.2179991476503,-0.03145478374836175,393980.0
2024-06-13,23480.94921875,23481.05078125,23353.900390625,23398.900390625,268300,0.0032564994745150067,0.0032512085635553246,0.018867621105469107,60.48199457472679,223.37777029612698,154.16101178938507,69.21675850674191,359.7096822442467,-0.09235453315290931,395800.0
2024-06-14,23464.94921875,23490.400390625,23334.25,23465.599609375,223100,0.0028505279152657437,0.0028464728647632507,0.018806151224042292,61.36040095805479,242.51483565527815,171.8317765625637,70.68305909271444,345.169732842872,-0.16846813268729033,388510.0
2024-06-18,23570.80078125,23579.05078125,23499.69921875,23557.900390625,272200,0.003933450786960613,0.0039257349959185015,0.01880939260296927,62.5993375348306,262.1075863850383,189.88693852705865,72.22064785797966,328.6184070594526,0.22008068130883007,389985.0
2024-06-19,23629.849609375,23664.0,23412.900390625,23516.0,328800,-0.0017786131162043084,-0.0017801967265448713,0.018831788828339753,61.633222770605016,271.1285697686362,206.13526477537417,64.99330499326206,323.0813500819917,0.20793534166054362,389045.0
2024-06-20,23586.150390625,23624.0,23442.599609375,23567.0,280300,0.0021687361796223215,0.0021663878659495613,0.018830595363448693,62.393992111763296,279.1748835903345,220.74318853836627,58.431695051968234,312.9612815493494,-0.14750608272506083,388545.0
2024-06-21,23661.150390625,23667.099609375,23398.19921875,23501.099609375,609900,-0.00279629951309035,-0.0028002164622532473,0.018557660434950725,60.71857949810122,277.0404842430544,232.00264767930392,45.03783656375046,309.814075054753,1.17588298251873,400550.0
2024-06-24,23382.30078125,23558.099609375,23350.0,23537.849609375,239400,0.00156375661610908,0.0015625352218749532,0.018553949462048837,61.34198777505205,275.14270145822957,240.63065843508906,34.51204302314051,302.5487560776278,-0.6074766355140186,399425.0
2024-06-25,23577.099609375,23754.150390625,23562.05078125,23721.30078125,298100,0.007793879853915442,0.007763664467508334,0.018600887086282686,64.38088707652278,285.1545867597706,249.5354441000254,35.61914265974522,296.38818644708294,0.24519632414369252,401330.0
2024-06-26,23723.099609375,23889.900390625,23670.44921875,23868.80078125,287800,0.006218040121837909,0.006198787876631016,0.018606369050016024,66.65084515052425,301.5154132865064,259.93143793732156,41.58397534918481,290.8926854062199,-0.03455216370345526,404825.0
2024-06-27,23881.55078125,24087.44921875,23805.400390625,24044.5,515200,0.007361040898544724,0.007334080659762657,0.018482439853493713,69.17115793722184,324.91354367598615,272.9278590850545,51.98568459093167,290.2609813147042,0.7901320361362056,417090.0
2024-06-28,24085.900390625,24174.0,23985.80078125,24010.599609375,354800,-0.0014099020825968367,-0.0014108969297394127,0.01828277232550873,68.10174021803549,336.8383891030571,285.70996508865505,51.12842401440207,282.9708554172254,-0.3113354037267081,416160.0
2024-07-01,23992.94921875,24164.0,23992.69921875,24141.94921875,0,0.005470484349075377,0.00545557559691747,0.018285848516037893,70.03481250892587,352.82063411312265,299.1320988935486,53.68853521957408,274.9944215481379,-1.0,387555.0
2024-07-02,24228.75,24236.349609375,24056.400390625,24123.849609375,0,-0.0007497161563467802,-0.0007499973340487516,0.01701511293529939,69.41060066114032,359.87774459407956,311.28122803365477,48.59651656042479,268.205478491128,0.0,359085.0
2024-07-03,24291.75,24309.150390625,24207.099609375,24286.5,0,0.006742306607722792,0.006719678910168409,0.008377142525845434,71.83960026721084,374.2806088145553,323.8811041898349,50.39950462472041,262.283714402476,0.0,308780.0
2024-07-04,24369.94921875,24401.0,24281.0,24302.150390625,251200,0.0006444070008029268,0.0006441994597673961,0.0052574973850845605,72.06942204099292,382.54806227003064,335.61449580587407,46.93356646415657,252.1205919451563,0.0,289415.0
2024-07-05,24213.349609375,24363.0,24168.849609375,24323.849609375,298400,0.0008928929498506211,0.0008924945580705119,0.0051379558162786615,72.4056823562378,386.396881575376,345.77097295977444,40.62590861560159,247.97986327943084,0.1878980891719746,280315.0
2024-07-08,24329.44921875,24344.599609375,24240.55078125,24320.55078125,266300,-0.00013562113637344275,-0.0001356303337513403,0.0032262092317834083,72.2632484294293,384.7458006499255,353.56593849780467,31.179862152120847,237.69907505411436,-0.10757372654155495,269950.0
2024-07-09,24351.0,24443.599609375,24331.900390625,24433.19921875,250500,0.004631820986013446,0.00462112711188291,0.0031607247857461094,74.13441829147227,388.05385134195603,360.46352106663494,27.590330275321094,229.50977170203478,-0.05933158092377022,267255.0
2024-07-10,24459.849609375,24461.05078125,24141.80078125,24324.44921875,292300,-0.004450911197766749,-0.004460845993233708,0.003492168485683783,69.27564148170597,377.5481491622959,363.8804466857672,13.667702476528689,235.9197880090323,0.16686626746506983,266610.0
2024-07-11,24396.55078125,24402.650390625,24193.75,24315.94921875,306400,-0.0003494426502141934,-0.0003495037195243165,0.0035382998588221115,68.89556353943235,364.3365802276676,363.9716733941473,0.3649068335203083,233.98983105302997,0.04823811152925073,267150.0
2024-07-12,24387.94921875,24592.19921875,24331.150390625,24502.150390625,325800,0.007657573644356042,0.007628403248955412,0.00374366394244175,72.46009691439224,364.6873068218738,364.1148000796926,0.57250674218119,237.00841454924213,0.0633159268929504,270025.0
2024-07-15,24587.599609375,24635.05078125,24522.75,24586.69921875,305400,0.003450669707641296,0.0034447298074261035,0.003750613661655213,73.92150892767994,367.55074777235495,364.8019896182251,2.7487581541298596,229.572127126082,-0.06261510128913439,274140.0
2024-07-16,24615.900390625,24661.25,24587.650390625,24613.0,283200,0.0010697158254551198,0.0010691440871768358,0.0037411675916417977,74.37700629930045,367.70363992418424,365.3823196794169,2.321320244767321,218.49917384921898,-0.07269155206286837,274690.0
2024-07-18,24543.80078125,24837.75,24504.44921875,24800.849609375,350900,0.007632129743428306,0.007603152387120198,0.003804810467229241,77.41169033248136,378.6182263759147,368.0295010187165,10.5887253571982,226.69928866356048,0.23905367231638408,275795.0
2024-07-19,24853.80078125,24854.80078125,24508.150390625,24530.900390625,343800,-0.010884676251089243,-0.010944347737899481,0.0048736186876959155,65.42069519875946,361.3203923124456,366.68767927746234,-5.367286965016717,235.26722451794902,-0.020233684810487373,278970.0
2024-07-22,24445.75,24595.19921875,24362.30078125,24509.25,324200,-0.0008825762723847497,-0.0008829659721330775,0.0047923191351720434,64.55700028282124,341.9232502206978,361.73479346610947,-19.811543245411656,235.09802544523836,-0.057009889470622466,264685.0
2024-07-23,24568.900390625,24582.55078125,24074.19921875,24479.05078125,436400,-0.0012321559717249908,-0.0012329157000276177,0.004849252839468115,63.301621744900075,320.42044337991683,353.47192344887094,-33.051480068954106,254.6161352348642,0.3460826650215916,274535.0
2024-07-24,24444.94921875,24504.25,24307.25,24413.5,366600,-0.002677831825905974,-0.00268142363114976,0.004752857286482046,60.54925071421652,294.6928777681351,341.7161143127238,-47.02323654458871,250.5006970038025,-0.15994500458295147,277960.0
2024-07-25,24230.94921875,24426.150390625,24210.80078125,24406.099609375,391800,-0.0003031269840456652,-0.0003031729363163769,0.004630891998206634,60.23085105299231,270.5872851988679,327.4903484899526,-56.90306329108472,247.9899050303166,0.06873977086743044,283160.0
2024-07-26,24423.349609375,24861.150390625,24410.900390625,24834.849609375,383800,0.01756732976027453,0.01741480789992859,0.005755652616251359,70.05546628315034,282.81980059105626,318.55623891017336,-35.7364383191171,262.77996761743685,-0.020418580908626804,276590.0
2024-07-29,24943.30078125,24999.75,24774.599609375,24836.099609375,355000,5.03324972633834e-05,5.0331230625744864e-05,0.005724382292142697,70.0786744397539,289.2803776009896,312.7010666483366,-23.420689047347025,260.09214068940565,-0.07503908285565397,276600.0
2024-07-30,24839.400390625,24971.75,24798.650390625,24857.30078125,385000,0.0008536433743000504,0.0008532792280141148,0.005657157984968276,70.49634460629471,292.7367023298466,308.70819378463864,-15.971491454792044,253.8783884526624,0.08450704225352124,295850.0
2024-07-31,24886.69921875,24984.599609375,24856.5,24951.150390625,333600,0.00377553501085659,0.0037684255675633532,0.005654476474995494,72.33714584882676,299.595196784594,306.8855943846297,-7.290397600035703,244.89418994711508,-0.13350649350649346,312530.0
2024-08-01,25030.94921875,25078.30078125,24956.400390625,25010.900390625,431300,0.0023946791656728195,0.002391816490734086,0.005533212005923801,73.47196405084908,306.32085259062296,306.7726460258284,-0.45179343520544535,236.48391856696404,0.2928657074340528,334095.0
2024-08-02,24789.0,24851.900390625,24686.849609375,24717.69921875,345000,-0.011722935491954689,-0.011792190883304469,0.006279338613761166,60.381731938054735,284.7101378436055,302.36014438938383,-17.650006545778353,242.7386944728952,-0.2000927428703918,338785.0
2024-08-05,24302.849609375,24350.05078125,23893.69921875,24055.599609375,487000,-0.02678645789462286,-0.02715175314145156,0.008866902258773885,42.128375810519046,211.71704334416063,284.2315241803392,-72.51448083617856,284.25735915340266,0.41159420289855064,348215.0
2024-08-06,24189.849609375,24382.599609375,23960.400390625,23992.55078125,312300,-0.0026209626510589334,-0.0026244033870099497,0.008878171405381701,40.8616250712441,147.08645545748368,256.8025104357681,-109.71605497828443,294.1103491245882,-0.3587268993839836,350515.0
2024-08-07,24289.400390625,24337.69921875,24184.900390625,24297.5,317600,0.012710162480444431,0.012630066341245293,0.009300390512394771,48.869729540209306,119.1001894584333,229.26204624030117,-110.16185678186787,297.75592686568905,0.01697086135126491,353870.0
2024-08-08,24248.55078125,24340.5,24079.69921875,24117.0,311900,-0.007428747813561065,-0.007456478381555143,0.009394933866118142,44.9866329163498,81.41750026306545,199.69313704485404,-118.27563678178859,295.1162736074255,-0.017947103274559173,354850.0
2024-08-09,24386.849609375,24419.75,24311.19921875,24367.5,215100,0.010386864037815746,0.010333291215294636,0.009698424524100569,50.82627917779868,70.94909704432939,173.9443290447491,-102.99523200041972,295.6615397783237,-0.3103558832959282,350285.0
2024-08-12,24320.05078125,24472.80078125,24212.099609375,24347.0,279900,-0.0008412844977941925,-0.0008416385761983504,0.009536224143884962,50.35520048921879,60.303492277009354,151.21616169120117,-90.91266941419181,293.16437064237203,0.3012552301255229,347990.0
2024-08-13,24342.349609375,24359.94921875,24116.5,24139.0,239700,-0.008543146999630324,-0.00857984886239657,0.009664726036048775,45.72448479764929,34.68310686355835,127.9095507256726,-93.22644386211425,289.61328836434546,-0.1436227224008575,344705.0
2024-08-14,24184.400390625,24196.5,24099.69921875,24143.75,303300,0.00019677699987563635,0.0001967576418212346,0.009657247292189669,45.84695814925859,14.59382362665201,105.24640530586849,-90.65258167921648,275.84096642760653,0.265331664580726,345710.0
2024-08-16,24334.849609375,24563.900390625,24204.5,24541.150390625,271600,0.016459762490292462,0.016325768935141063,0.010243598853451897,54.996569238506474,30.389500985180348,90.27502444173088,-59.88552345655053,286.1487824417061,-0.10451697988789976,341745.0
2024-08-19,24636.349609375,24638.80078125,24522.94921875,24572.650390625,243600,0.0012835584110202358,0.0012827353541420893,0.009949762153278285,55.636412185354466,44.931533092461905,81.20632617187708,-36.274793079415176,273.98469530301276,-0.1030927835051546,336735.0
2024-08-20,24648.900390625,24734.30078125,24607.19921875,24698.849609375,238300,0.005135759339910173,0.0051226163083365125,0.010009454864270156,58.20048193335386,65.87999697318082,78.14106033213783,-12.261063358957003,265.96081639744045,-0.021756978653530323,332440.0
2024-08-21,24680.55078125,24787.94921875,24654.5,24770.19921875,257100,0.0028887826964991703,0.0028846181820890576,0.010016761696646953,59.621415836912824,87.23354865923466,79.9595579975572,7.273990661677459,256.49570227976614,0.07889215274863615,323475.0
2024-08-22,24863.400390625,24867.349609375,24784.44921875,24811.5,220300,0.001667357653657442,0.0016659691560852782,0.009989138909372594,60.459327062691656,106.26407399834716,85.2204611977152,21.043612800631962,245.11389430442568,-0.14313496693893424,316160.0
2024-08-23,24845.400390625,24858.400390625,24771.650390625,24823.150390625,206800,0.00046955607782672715,0.0004694458708691634,0.009986106779970545,60.70702859760844,120.89241904040682,92.35485276625353,28.537566274153292,233.8021875683953,-0.061280072628234206,306910.0
2024-08-26,24906.099609375,25043.80078125,24874.69921875,25010.599609375,210300,0.007551387144671073,0.007523018148105455,0.009346861013583726,64.55448544764045,145.92889577945243,103.0696613688933,42.859234410559125,232.86277350100994,0.016924564796905184,298235.0
2024-08-27,25024.80078125,25073.099609375,24973.650390625,25017.75,223300,0.0002858944102370753,0.0002858535502177548,0.009346608516819612,64.69649173312496,164.45176318007725,115.3460817311301,49.10568144894715,223.33323387593782,0.061816452686638046,291650.0
2024-08-28,25030.80078125,25129.599609375,24964.650390625,25052.349609375,220400,0.0013830024432652799,0.0013820469762269526,0.009348811862884717,65.41845774278644,179.84996986085025,128.24685935707413,51.60311050377612,219.16294708122797,-0.012987012987012991,283420.0
2024-08-29,25035.30078125,25192.900390625,24998.5,25151.94921875,354000,0.00397565940632294,0.003967777356455909,0.009352708036936212,67.48012635178691,197.80978758241326,142.15944500214198,55.650342580271285,217.39419304864026,0.6061705989110708,284440.0
2024-08-30,25249.69921875,25268.349609375,25199.400390625,25235.900390625,638200,0.003337760073577778,0.003332202116407902,0.009365599456199991,69.1496347999601,216.32358682914128,156.99227336754186,59.33131346159942,210.18035001838024,0.8028248587570621,294785.0
2024-09-02,25333.599609375,25333.650390625,25235.5,25278.69921875,222800,0.001695950113232314,0.0016945136137639853,0.008912490246308618,69.9953386339583,231.77762566968886,171.94934382797126,59.8282818417176,202.17821006171022,-0.6508931369476654,288675.0
2024-09-03,25313.400390625,25321.69921875,25235.80078125,25279.849609375,212100,4.550829989491412e-05,4.550726442364936e-05,0.005955887747926823,70.01912895900108,241.33591944738873,185.82665895185477,55.509260495533965,193.87251202158805,-0.048025134649910206,274930.0
2024-09-04,25089.94921875,25216.0,25083.80078125,25198.69921875,253800,-0.0032100820170585243,-0.003215245383183467,0.005983948539919274,66.04120394411297,239.60080883080082,196.581488927644,43.01931990315683,194.02796317183177,0.19660537482319662,272005.0
2024-09-05,25250.5,25275.44921875,25127.75,25145.099609375,222200,-0.0021270784221717465,-0.0021293438665674616,0.005557650390512429,63.476095180304995,231.2351458183075,203.5122203057767,27.722925512530793,190.71876714170094,-0.12450748620961383,267235.0
2024-09-06,25093.69921875,25168.75,24801.30078125,24852.150390625,311700,-0.011650350298901935,-0.011718747382249265,0.005992534120789501,51.66472396988102,198.67652463110062,202.5450811708415,-3.8685565397408936,203.342370828008,0.40279027902790276,267225.0
2024-09-09,24823.400390625,24957.5,24753.150390625,24936.400390625,254400,0.003390048695012693,0.003384315433638339,0.005644871940999701,54.29852281377261,177.6243111695403,197.5609271705813,-19.93661600104099,203.41431643850743,-0.18383060635226178,269190.0
2024-09-10,24999.400390625,25130.5,24896.80078125,25041.099609375,251300,0.0041986500501236534,0.0041898603137641086,0.0056633443960018405,57.40478046240823,167.45827748975353,191.54039723441576,-24.082119744662236,205.5775237464712,-0.01218553459119498,267760.0
2024-09-11,25034.0,25113.69921875,24885.150390625,24918.44921875,279200,-0.004897963449619458,-0.004909997784499106,0.005374897409120439,52.87124561853473,147.80100310399575,182.79251840833177,-34.99151530433602,207.2183312020804,0.11102268205332266,269735.0
2024-09-12,25059.650390625,25433.349609375,24941.44921875,25388.900390625,380100,0.01887963282727112,0.018703624424743968,0.006580466920359831,64.46402227463878,168.24453114957942,179.88292095658133,-11.638389807001914,229.19562116086038,0.36138968481375366,273575.0
2024-09-13,25430.44921875,25430.5,25292.44921875,25356.5,250800,-0.0012761636040355961,-0.0012769785942554214,0.005762280178136094,63.30900789754007,179.75957716222183,179.85825219770945,-0.09867503548761647,222.6852754529418,-0.34017363851618,272535.0
2024-09-16,25406.650390625,25445.69921875,25336.19921875,25383.75,168700,0.0010746751326089488,0.0010740980826790941,0.005763138719487713,63.894928996611974,188.9065838426468,181.66791852669692,7.2386653159498735,214.60061292058882,-0.3273524720893142,268790.0
2024-09-17,25416.900390625,25441.650390625,25352.25,25418.55078125,216000,0.0013709866056039743,0.0013700476615561017,0.005704014554270377,64.67085442900222,196.69639118379928,184.6736130581174,12.022778125681867,205.65773989947533,0.2803793716656786,267675.0
2024-09-18,25402.400390625,25482.19921875,25285.55078125,25377.55078125,215700,-0.0016129951842196455,-0.0016142974615182065,0.00573252415043867,62.95430326833908,197.2873070073947,187.1963518479729,10.09095515942181,205.01421829951283,-0.001388888888888884,265605.0
2024-09-19,25487.05078125,25611.94921875,25376.05078125,25415.80078125,314500,0.0015072376499098983,0.0015061029073179838,0.005731968060874398,63.91655437862427,198.5532688975909,189.4677352578965,9.085533639694404,207.2202339566905,0.45804357904496995,270315.0
2024-09-20,25525.94921875,25849.25,25426.599609375,25790.94921875,533100,0.014760441377741573,0.014652566289984728,0.0064666878834681455,71.68485227383721,227.2087751489198,197.01594323610115,30.19283191281866,223.37944715621262,0.6950715421303657,286630.0
2024-09-23,25872.55078125,25956.0,25847.349609375,25939.05078125,209200,0.005742385099666292,0.005725960454112572,0.006396732449396074,74.0591904561488,258.88476622732196,209.38970783434533,49.49505839297663,219.21311387719743,-0.607578315513037,286575.0
2024-09-24,25921.44921875,26011.55078125,25886.849609375,25940.400390625,384100,5.2030021699067674e-05,5.20286681844374e-05,0.00639990166101041,74.08052007806047,280.85954555538774,223.68367537855383,57.17587017683391,212.46226087704048,0.8360420650095601,294615.0
2024-09-25,25899.44921875,26032.80078125,25871.349609375,26004.150390625,278500,0.0024575565157058943,0.0024545416621303915,0.006400613217596253,75.12112794501051,299.9610445097933,238.93914920480174,61.021895304991546,208.81861166260902,-0.27492840406144237,297520.0
2024-09-26,26005.400390625,26250.900390625,25998.400390625,26216.05078125,370900,0.008148714241454025,0.008115692736807522,0.0065380792443630684,78.24728342892666,328.4119817517385,256.8337157141891,71.57826603754938,211.9387108295655,0.33177737881508085,298365.0
2024-09-27,26248.25,26277.349609375,26151.400390625,26178.94921875,490300,-0.0014152231703233875,-0.0014162255444679923,0.0065760077017494424,76.43625847605487,344.0003466079397,274.26704189293923,69.73330471500049,205.79660425245368,0.3219196548935024,290970.0
2024-09-30,26061.30078125,26134.69921875,25794.099609375,25810.849609375,343100,-0.014060900852023384,-0.014160691857076434,0.007486435889129905,61.28168539418512,322.92914970344646,283.9994634550407,38.929686248405744,218.58610461834985,-0.3002243524372833,296985.0
2024-10-01,25788.44921875,25907.599609375,25739.19921875,25796.900390625,247400,-0.0005404401234794243,-0.0005405862138807384,0.0074916855993202875,60.78982214936107,301.6275147389206,287.52507371181673,14.10244102710385,215.001410761682,-0.27892742640629553,298750.0
2024-10-03,25452.849609375,25639.44921875,25230.30078125,25250.099609375,423400,-0.021196375260987388,-0.02142424417261006,0.008989265590244386,45.40529649321509,237.8814134591521,277.5963416612838,-39.714928202131716,240.11556780549043,0.7113985448666127,307230.0
2024-10-04,25181.900390625,25485.05078125,24966.80078125,25014.599609375,374900,-0.009326695880144675,-0.009370461848646757,0.009226552994149552,40.63544629347809,166.44066273044882,255.36520587511683,-88.92454314466801,259.9823129622411,-0.11454888993859236,314865.0
2024-10-07,25084.099609375,25143.0,24694.349609375,24795.75,374300,-0.008748875168602677,-0.008787371273170997,0.00905666616446671,36.769744217927204,91.11371639479694,222.51490797905288,-131.40119158425594,273.45860422386676,-0.001600426780474784,317995.0
2024-10-08,24832.19921875,25044.0,24756.80078125,25013.150390625,333200,0.00876764730346924,0.008729434677965052,0.009242283215967968,42.610328716582735,48.40102645068691,187.69213167337972,-139.2911052226928,274.44007669001917,-0.10980496927598182,321935.0
2024-10-09,25065.80078125,25234.05078125,24947.69921875,24981.94921875,290600,-0.0012473907279866303,-0.0012481693673798233,0.009197172716089948,42.01055822574789,11.896107211559865,152.53292678101576,-140.6368195694559,275.2908971050178,-0.1278511404561825,323900.0
2024-10-10,25067.05078125,25134.05078125,24979.400390625,24998.44921875,261400,0.0006604768849507447,0.0006602588660852999,0.009128513840467254,42.47171580701558,-15.523941847150127,118.92155305538259,-134.44549490253272,266.67371807073084,-0.10048176187198898,323010.0
2024-10-11,24985.30078125,25028.650390625,24920.05078125,24964.25,210500,-0.0013680536120755926,-0.0013689902517646816,0.008018408242302775,41.730958894470035,-39.55811805443591,87.2256188334189,-126.78373688785481,255.38271030675008,-0.1947207345065034,314530.0
2024-10-14,25023.44921875,25159.75,25017.5,25127.94921875,206400,0.006557345754428789,0.006535939888908111,0.00818476301669061,46.537577318166356,-44.87888118772389,60.80471882919035,-105.68360001691424,251.10537385626796,-0.019477434679334937,312310.0
2024-10-15,25186.30078125,25212.05078125,25008.150390625,25057.349609375,257200,-0.0028096049048969007,-0.0028135592532655376,0.008192754420422207,44.82038958499787,-54.16800768175017,37.81017352700225,-91.97818120875242,247.73358933974882,0.24612403100775193,316735.0
2024-10-16,25008.55078125,25093.400390625,24908.44921875,24971.30078125,226800,-0.0034340754096676696,-0.003439985380697183,0.00820101972725972,42.74988451668984,-67.69280808810436,16.709577203980928,-84.40238529208528,243.24913094940962,-0.11819595645412129,317275.0
2024-10-17,25027.400390625,25029.5,24728.900390625,24749.849609375,252800,-0.008868227322834543,-0.008907784090014885,0.008394902092967877,37.89776019205523,-95.18335421885786,-5.669009080586829,-89.51434513827103,247.34559369409465,0.11463844797178124,319130.0
2024-10-18,24664.94921875,24886.19921875,24567.650390625,24854.05078125,290900,0.004210173941240125,0.004201335956550517,0.008462870183780844,41.275275058454966,-107.3244766022799,-26.000102584925443,-81.32437401735446,252.4315390105879,0.15071202531645578,317950.0
2024-10-21,24956.150390625,24978.30078125,24679.599609375,24781.099609375,242000,-0.00293518237799828,-0.002939498473548445,0.007608628648386725,39.64945822556655,-121.4331477177584,-45.086711611492035,-76.34643610626637,255.73651278661734,-0.16809900309384673,303395.0
2024-10-22,24798.650390625,24882.0,24445.80078125,24472.099609375,279500,-0.012469180337869368,-0.012547572909439223,0.007728632336648196,33.6104354343133,-155.7526689880906,-67.21990308681175,-88.53276590127884,268.62670606971614,0.1549586776859504,306910.0
2024-10-23,24378.150390625,24604.25,24378.099609375,24435.5,284600,-0.001495564743491773,-0.0014966842167451323,0.007705107180095487,32.96989054462341,-183.78585057182136,-90.53309258381367,-93.25275798800769,265.59268353795073,0.018246869409660027,301935.0
2024-10-24,24412.69921875,24480.650390625,24341.19921875,24399.400390625,216700,-0.0014773427748562273,-0.0014784351216731097,0.007608468792917992,32.315706684603285,-206.53448474771358,-113.73337101659365,-92.80111373111993,256.5825755620257,-0.23858046380885456,298845.0
2024-10-25,24418.05078125,24440.25,24073.900390625,24180.80078125,372600,-0.008959220549493163,-0.00899959570008371,0.007223311943923957,28.6133172933186,-239.44196486703004,-138.87508978668095,-100.56687508034909,264.42307797723817,0.7194277803414859,298930.0
2024-10-28,24251.099609375,24492.599609375,24134.900390625,24339.150390625,278600,0.0065485676346082045,0.006527218917237164,0.007584560901316655,34.4701139536828,-249.8636176044747,-161.0727953502397,-88.79082225423502,271.08565946100686,-0.2522812667740204,288345.0
2024-10-29,24328.849609375,24484.5,24140.849609375,24466.849609375,332000,0.0052466588480091225,0.0052329430871703615,0.0074068208189831345,38.82870897917901,-244.99444924942873,-177.85712613007752,-67.13732311935121,276.26885454414924,0.1916726489590812,287790.0
2024-10-30,24371.44921875,24498.19921875,24307.30078125,24340.849609375,285200,-0.005149825253829232,-0.00516313130612327,0.007408873629339186,36.26558958565254,-248.43889627325916,-191.97348015871387,-56.46541611454529,270.1709676124243,-0.14096385542168677,289680.0
2024-10-31,24349.849609375,24372.44921875,24172.599609375,24205.349609375,287000,-0.005566773640794054,-0.00558232586918934,0.00604627549631573,33.690034874467074,-259.1154414198718,-205.40187241094546,-53.71356900892633,265.1480134526083,0.006311360448807868,282860.0
2024-11-01,24302.75,24368.25,24280.19921875,24304.349609375,38800,0.004090004961616156,0.004081663627652918,0.005943779692730171,37.1993376846059,-256.6299375726885,-215.64748544329407,-40.98245212939443,257.84461182206485,-0.864808362369338,266055.0
2024-11-04,24315.75,24316.75,23816.150390625,23995.349609375,285500,-0.0127137736646451,-0.012795285302364113,0.0062634930893290894,31.58135087012677,-276.4076204551202,-227.7995124456593,-48.60810800946089,275.18425450441737,6.358247422680412,261615.0
2024-11-05,23916.5,24229.05078125,23842.75,24213.30078125,289500,0.00908305881860727,0.009042055940529129,0.0062910638669687585,38.62245015274729,-271.3665933848897,-236.5129286335054,-34.853664751384315,283.121149271959,0.014010507880910739,259430.0
2024-11-06,24308.75,24537.599609375,24204.05078125,24484.05078125,351100,0.011181870759630508,0.011119815807918394,0.006907706182000923,46.05008699728606,-242.72628336251728,-237.75559957930778,-4.970683783209495,286.72312633289044,0.21278065630397247,262455.0
2024-11-07,24489.599609375,24503.349609375,24179.05078125,24199.349609375,322200,-0.011628025706147627,-0.011696159889418445,0.007292629234630501,40.49997954974209,-240.23238713145474,-238.2509570897372,-1.9814300417175446,289.40710503232685,-0.08231273141555118,265495.0
2024-11-08,24207.69921875,24276.150390625,24066.650390625,24148.19921875,298700,-0.002113709312467793,-0.0021159463488489003,0.007293165026044021,39.5770703770787,-239.62116184779006,-238.52499804134777,-1.0961638064422914,283.69945467287494,-0.0729360645561763,269905.0
2024-11-11,24087.25,24336.80078125,24004.599609375,24141.30078125,273400,-0.00028567088740283353,-0.00028571169910344984,0.007044891720077494,39.44651365227022,-236.96185885519662,-238.21237020411758,1.250511348920952,287.1638630444553,-0.08470036826247074,273255.0
2024-11-12,24225.80078125,24242.0,23839.150390625,23883.44921875,255800,-0.010680930776533315,-0.010738381367723213,0.007310741519169674,34.82249849811599,-252.74729472874242,-241.11935510904254,-11.627939619699873,295.4271306394942,-0.06437454279444033,273185.0
2024-11-13,23822.44921875,23873.599609375,23509.599609375,23559.05078125,304600,-0.013582562322921432,-0.013675649189030194,0.0077334921521666,30.04997184746506,-288.11242845042943,-250.51796977731993,-37.5944586731095,301.0287362634589,0.19077404222048466,277075.0
2024-11-14,23542.150390625,23675.900390625,23484.150390625,23532.69921875,257700,-0.0011185324376894457,-0.0011191584619590343,0.0076107438668252475,29.693956432992778,-314.6389407286624,-263.3421639675885,-51.29677676107394,293.2231122446404,-0.15397242284963886,277320.0
2024-11-18,23605.30078125,23606.80078125,23350.400390625,23453.80078125,263300,-0.0033527151631265184,-0.003358348106569627,0.007445212182013887,28.601363990806945,-338.13008421470295,-278.2997480170114,-59.830336197691565,290.59291784323756,0.021730694606131085,275940.0
2024-11-19,23529.55078125,23780.650390625,23464.80078125,23518.5,297500,0.002758581406631766,0.002754783503889256,0.007551714867497788,30.848388190509212,-347.5203007298114,-292.1438585595714,-55.37644217024001,293.18268152407774,0.12988985947588305,278715.0
2024-11-21,23488.44921875,23507.30078125,23263.150390625,23349.900390625,420300,-0.007168807933116472,-0.007194627306794726,0.007270779907721247,28.344955998670798,-364.36650415213444,-306.588387678084,-57.77811647405042,290.48031922771503,0.4127731092436975,285755.0
2024-11-22,23411.80078125,23956.099609375,23359.0,23907.25,367600,0.023869464111237804,0.02358904203763299,0.00930453633322365,44.40638237375874,-328.9518342433912,-311.06107699114546,-17.89075725224575,313.0316691935925,-0.12538662859862004,289905.0
2024-11-25,24253.55078125,24351.55078125,24135.44921875,24221.900390625,687200,0.013161295867362366,0.013075438521712217,0.009827222986652525,51.07388686618139,-272.35624307706894,-303.32011020833016,30.963867131261225,322.40803434047876,0.869423286180631,313430.0
2024-11-26,24343.30078125,24343.30078125,24125.400390625,24194.5,230700,-0.0011312238174179257,-0.0011318641340202825,0.009618649013247592,50.50582839263795,-227.0969792436008,-288.0754840153843,60.97850477178349,314.943202646516,-0.664289871944121,306335.0
2024-11-27,24204.80078125,24354.55078125,24145.650390625,24274.900390625,295000,0.003323085437806128,0.0033175761911502914,0.009530886599161651,52.186305208321805,-182.63573591403474,-266.9875343951144,84.35179848107964,307.36871607355056,0.27871694841785866,307155.0
2024-11-28,24274.150390625,24345.75,23873.349609375,23914.150390625,366700,-0.014861029054492936,-0.0149725605075969,0.009991991749445088,44.831159200808955,-174.49788731208173,-248.48960497850786,73.99171766642613,319.1566928272255,0.24305084745762717,308890.0
2024-11-29,23927.150390625,24188.44921875,23927.150390625,24131.099609375,282100,0.009072001940535257,0.009031098528695802,0.010193442592326189,49.44570772896233,-148.82700970585574,-228.55708592397744,79.7300762181217,315.9525596342094,-0.2307062994273248,308735.0
2024-12-02,24140.849609375,24301.69921875,24008.650390625,24276.05078125,220400,0.006006820004948565,0.005988850983542634,0.010214135867900856,52.315565158801675,-115.4554080162925,-205.93675034244046,90.48134232614797,314.31657881212305,-0.2187167671038639,305405.0
2024-12-03,24367.5,24481.349609375,24280.0,24457.150390625,339500,0.007460011144599932,0.007432322879372628,0.010309126499053838,55.69927842085148,-73.54714260547917,-179.45882879504822,105.91168618956905,306.5295966201857,0.5403811252268602,320440.0
2024-12-04,24488.75,24573.19921875,24366.30078125,24467.44921875,348000,0.00042109681465385407,0.0004210081782723239,0.009837428682007767,55.890968403048255,-39.05332851460844,-151.37772873896026,112.32440022435182,299.41308525445817,0.025036818851251752,323565.0
2024-12-05,24539.150390625,24857.75,24295.55078125,24708.400390625,361500,0.009847825562885104,0.009799651742121284,0.009871529213379035,60.22709403050948,7.637967786096851,-119.57458943394883,127.21255722004568,318.1835233612826,0.0387931034482758,327165.0
2024-12-06,24729.44921875,24751.05078125,24620.5,24677.80078125,226700,-0.0012384293961259507,-0.0012391968835286232,0.00958825717799447,59.42811058882326,41.691430888800824,-87.3213853693989,129.01281625819973,304.78118463904815,-0.37289073305670817,320945.0
2024-12-09,24633.900390625,24705.0,24580.05078125,24619.0,248100,-0.0023827399277279726,-0.002385583169878571,0.00918802594301673,57.84019463156993,63.20571793919589,-57.215964707679944,120.42168264687584,291.93604421840183,0.09439788266431415,317240.0
2024-12-10,24652.650390625,24677.80078125,24510.650390625,24610.05078125,261000,-0.0003635086213900074,-0.00036357470666444975,0.009166487025002992,57.587989327079995,78.62744996797846,-30.047281772548267,108.67473174052674,283.0227832474446,0.051995163240628806,315355.0
2024-12-11,24620.5,24691.75,24583.849609375,24641.80078125,187300,0.0012901233029631864,0.0012892918089711122,0.009162101433921039,58.28298324482638,92.34672776866864,-5.568479864304887,97.91520763297353,270.51404091726994,-0.28237547892720305,311050.0
2024-12-12,24604.44921875,24675.25,24527.94921875,24548.69921875,266100,-0.003778196379659149,-0.003785351792322941,0.008817652967652925,55.4153717267009,94.61616005959877,14.468448120475845,80.14771193912293,261.7130937981792,0.4207154297917779,311565.0
2024-12-13,24498.349609375,24792.30078125,24180.80078125,24768.30078125,310100,0.008945547808588916,0.008905773422254015,0.008214314140332718,60.36852653391502,112.83403182531765,34.14156486144421,78.69246696387344,286.697872812595,0.16535137166478764,311840.0
2024-12-16,24753.400390625,24781.25,24601.75,24668.25,187600,-0.004039468921733236,-0.004047649614185296,0.008307842728335742,57.248007273484134,117.84017636455246,50.88128716206586,66.9588892024866,279.04088189740963,-0.39503386004514673,308335.0
2024-12-17,24584.80078125,24624.099609375,24303.44921875,24336.0,264900,-0.013468730047733413,-0.01356025614827435,0.008964433990569504,48.31621896637755,93.9151878825869,59.48806730617008,34.427120576416826,285.16658899402324,0.4120469083155651,308415.0
2024-12-18,24297.94921875,24394.44921875,24149.849609375,24198.849609375,235300,-0.005635699812006956,-0.005651640286891943,0.009115398456721742,45.18246625478438,63.159508333952544,60.222355511726576,2.9371528222259684,282.2689475926644,-0.11174027935069841,305305.0
2024-12-19,23877.150390625,24004.900390625,23870.30078125,23951.69921875,271100,-0.010213311567061067,-0.01026582529903898,0.009292414991690827,40.131173110993316,18.62771104987769,51.9034266193568,-33.27571556947911,285.5746533449741,0.1521461963450914,297845.0
2024-12-20,23960.69921875,24065.80078125,23537.349609375,23587.5,442700,-0.01520556915080562,-0.015322359236337606,0.008405116175848314,34.08408056579313,-45.52708445531243,32.417324404422956,-77.94440885973539,302.9229760971188,0.632976761342678,301600.0
2024-12-23,23738.19921875,23869.55078125,23647.19921875,23753.44921875,189800,0.0070354729729729115,0.007010839504245724,0.007981734079163692,38.62240474205816,-82.03387163794469,9.527085195949429,-91.56095683389411,301.4321050366103,-0.5712672238536255,276730.0
2024-12-24,23769.099609375,23867.650390625,23685.150390625,23727.650390625,177700,-0.0010861087115143775,-0.0010866989549987555,0.007981694189665213,38.18227927328702,-111.75922256720514,-14.730176356681486,-97.02904621052366,292.93695467685245,-0.06375131717597471,274080.0
2024-12-26,23775.80078125,23854.5,23653.599609375,23750.19921875,177700,0.0009503186263191132,0.0009498673594489271,0.007932092455040519,38.838311743422295,-131.97593888566553,-38.1793288624783,-93.79661002318723,286.36291438743444,0.0,268215.0
2024-12-27,23801.400390625,23938.849609375,23800.599609375,23813.400390625,176800,0.002661079652128029,0.002657545248501766,0.007259523560090117,40.73669566867471,-141.2695583145396,-58.79737475289056,-82.47218356164905,279.38344840440345,-0.005064715813168252,258720.0
2024-12-30,23796.900390625,23915.349609375,23599.30078125,23644.900390625,364900,-0.007075847935867907,-0.007101000468431965,0.007072382949824618,37.40339094958178,-160.38257002303362,-79.11441380691917,-81.26815621611445,282.00240409873174,1.0639140271493215,262860.0
2024-12-31,23560.599609375,23689.849609375,23460.44921875,23644.80078125,193600,-4.212721278373799e-06,-4.2127301519090045e-06,0.006884356710563655,37.40144261936684,-173.53737629723037,-97.99900630498142,-75.53836999224895,278.2451174220366,-0.4694436832008769,261520.0
2025-01-01,23637.650390625,23822.80078125,23562.80078125,23742.900390625,154900,0.004148887118253564,0.004140304217561321,0.006701061611050774,40.67872463539656,-174.0406046667922,-113.2073259773436,-60.833278689448605,276.941894749034,-0.199896694214876,252290.0
2025-01-02,23783.0,24226.69921875,23751.55078125,24188.650390625,283200,0.018774033191665485,0.018599976157659907,0.008066562547725227,52.776741779587205,-136.89309863534436,-117.94448050894377,-18.94861812640059,291.71738999017447,0.828276307295029,249050.0
2025-01-03,24196.400390625,24196.44921875,23976.0,24004.75,312300,-0.007602755327609123,-0.007631803596810856,0.007824929943073463,48.39191438339516,-120.89900856215536,-118.5353861195861,-2.363622442569266,286.626806330162,0.1027542372881356,246590.0
2025-01-06,24045.80078125,24089.94921875,23551.900390625,23616.05078125,278100,-0.016192595996625703,-0.016325128725884954,0.00850192050278973,40.69574481122941,-137.99760491721463,-122.42782987911181,-15.569775038102819,304.5855221726505,-0.10951008645533145,249160.0
2025-01-07,23679.900390625,23795.19921875,23637.80078125,23707.900390625,262300,0.0038892874268343647,0.0038817437019732417,0.008609497445113922,43.00252274397806,-142.49428444847217,-126.4411207929839,-16.053163655488277,295.62573041031834,-0.05681409564904716,249870.0
2025-01-08,23746.650390625,23751.849609375,23496.150390625,23688.94921875,266400,-0.0007993610384197103,-0.0007996806978147784,0.008605991515841536,42.634037723689744,-145.9052318724098,-130.33394300886908,-15.571288863540701,292.7738367202956,0.015630956919557848,250140.0
2025-01-09,23674.75,23689.5,23503.05078125,23526.5,269200,-0.006857594959147506,-0.006881216315863482,0.008640121454357606,39.508780497282835,-159.87380092965395,-136.24191459302608,-23.631886336627872,285.1792211509888,0.010510510510510551,254235.0
2025-01-10,23551.900390625,23596.599609375,23344.349609375,23431.5,261000,-0.004037999702463213,-0.004046174437066828,0.008642652698832699,37.76531607919731,-176.57426043684973,-144.30838376179082,-32.265876675058905,282.8271339259182,-0.03046062407132244,253980.0
2025-01-13,23195.400390625,23340.94921875,23047.25,23085.94921875,316500,-0.014747275302477436,-0.014857097422370331,0.008650277050237675,32.19936124944938,-215.21172823665256,-158.48905265676316,-56.7226755798894,290.0716243597812,0.21264367816091956,254300.0
2025-01-14,23165.900390625,23264.94921875,23134.150390625,23176.05078125,311200,0.003902874499386977,0.003895278043635164,0.00880557452380686,34.893834032486,-235.84310425374133,-173.9598629761588,-61.88324127758253,282.13793690551114,-0.016745655608214838,260480.0
2025-01-15,23250.44921875,23293.650390625,23146.44921875,23213.19921875,228000,0.0016028803979861728,0.0016015971562733668,0.008507029362737213,36.02274203299743,-246.35620891951112,-188.4391321648293,-57.91707675468183,272.4995965461889,-0.26735218508997427,258635.0
2025-01-16,23377.25,23391.650390625,23272.05078125,23311.80078125,299400,0.004247650725383689,0.004238654922064901,0.008592754513047415,39.04395367256445,-243.91984196055637,-199.53527412397472,-44.38456783658165,265.78185192681826,0.3131578947368421,261840.0
2025-01-17,23277.099609375,23292.099609375,23100.349609375,23203.19921875,272900,-0.004658651792672774,-0.004669537131428157,0.008393682509999606,36.97296932224003,-247.89466665698637,-209.20715263057707,-38.6875140264093,261.90108906597413,-0.08851035404141616,261930.0
2025-01-20,23290.400390625,23391.099609375,23170.650390625,23344.75,301500,0.006100485537167577,0.006081952909099664,0.007900330496612793,41.34037178592105,-236.89203489029023,-214.74412908251972,-22.147905807770513,258.9402411862617,0.10480029314767325,254870.0
2025-01-21,23421.650390625,23426.30078125,22976.849609375,23024.650390625,312900,-0.013711845677293555,-0.013806721311582606,0.008221150597999998,35.371321822943074,-251.10712659142155,-222.0167285843001,-29.09039800712145,272.54816480688584,0.037810945273631935,261025.0
2025-01-22,23099.150390625,23169.55078125,22981.30078125,23155.349609375,276000,0.0056764909144164655,0.0056604403518015324,0.00837844406771177,39.22961608322069,-248.95653851862153,-227.4046905711644,-21.551847947457134,266.5268673206797,-0.11792905081495686,265940.0
2025-01-23,23128.30078125,23270.80078125,23090.650390625,23205.349609375,275600,0.0021593282262408753,0.0021570002277194853,0.008399226026358944,40.68840145121706,-240.44588930467216,-230.01293031786597,-10.432958986806199,260.357118985274,-0.0014492753623188692,270835.0
2025-01-24,23183.900390625,23347.30078125,23050.0,23092.19921875,264300,-0.004876047658393667,-0.00488797436469754,0.008388162900678408,38.439610262588396,-240.06411963642677,-232.02316818157814,-8.040951454848624,262.995952004183,-0.04100145137880984,275210.0
2025-01-27,22940.150390625,23007.44921875,22786.900390625,22829.150390625,257400,-0.011391241935562957,-0.011456619090824587,0.008594216254960162,33.76722285951797,-258.01319100447654,-237.22117274615783,-20.792018258318706,266.0175860128128,-0.026106696935300766,269835.0
2025-01-28,22960.44921875,23137.94921875,22857.650390625,22957.25,361900,0.005611229817278129,0.005595545512054291,0.008744180224821626,37.736311781805085,-258.9167602343805,-241.56029024380237,-17.35646999057812,269.07338902082614,0.4059829059829059,278250.0
2025-01-29,23026.75,23183.349609375,22976.5,23163.099609375,226300,0.008966649288351114,0.008926687592645893,0.008968587244775436,43.586719627282086,-240.25301503434457,-241.29883520191083,1.0458201675662622,266.00383333183856,-0.3746891406465874,281820.0
2025-01-30,23169.5,23322.05078125,23139.19921875,23249.5,361900,0.003730087599762788,0.003723148074350194,0.007774222615040175,45.885082730260116,-216.00015769061793,-236.2390996996523,20.23894200903436,260.0643854152787,0.5992045956694654,285755.0
2025-01-31,23296.75,23546.80078125,23277.400390625,23508.400390625,304900,0.011135740150325812,0.011074194280356322,0.008173466108242072,52.17306770466727,-173.88406840917378,-223.7680934415566,49.88402503238282,262.72412797490165,-0.15750207239568936,285385.0
2025-02-01,23528.599609375,23632.44921875,23318.30078125,23482.150390625,281000,-0.0011166221250199504,-0.001117246011978889,0.0073422176859991905,51.5194155316323,-140.99956463129638,-207.21438767950457,66.21482304820819,266.3972929409801,-0.0783863561823549,285530.0
2025-02-03,23319.349609375,23381.599609375,23222.0,23361.05078125,329700,-0.005157091976693451,-0.005170435671733403,0.007350890861846375,48.50054117517337,-123.28888732377163,-190.429287608358,67.14040028458638,265.9510856326958,0.17330960854092536,288900.0
2025-02-04,23509.900390625,23762.75,23423.150390625,23739.25,376700,0.016189306820631133,0.016059657410686868,0.008254457204407976,56.97900432335311,-77.83826073156888,-167.9110822330002,90.07282150143132,275.6473808553604,0.1425538368213528,294415.0
2025-02-05,23801.75,23807.30078125,23680.44921875,23696.30078125,267000,-0.001809207062143936,-0.0018108456539069108,0.0081050741357878,55.85442173344421,-44.76789825070591,-143.28244543654137,98.51454718583545,265.0191081156918,-0.2912131669763738,294305.0
2025-02-06,23761.94921875,23773.55078125,23556.25,23603.349609375,307000,-0.003922602634608197,-0.003930316218479903,0.008101800240268745,53.398092766518026,-25.762802915262,-119.7785169322855,94.0157140170235,261.61065619671376,0.14981273408239693,296605.0
2025-02-07,23649.5,23694.5,23443.19921875,23559.94921875,368100,-0.0018387386257991967,-0.0018404311807618838,0.007297492674411413,52.242834319174975,-14.041317184757645,-98.63107698277994,84.5897597980223,260.8742365576628,0.1990228013029316,299185.0
2025-02-10,23543.80078125,23568.599609375,23316.30078125,23381.599609375,234200,-0.007570033692307909,-0.0075988318246352615,0.007508376292718643,47.677907674858766,-18.92512122428161,-82.68988583108028,63.764764606798664,260.2617073839012,-0.3637598478674273,295335.0
2025-02-11,23383.55078125,23390.05078125,22986.650390625,23071.80078125,268000,-0.013249684936046169,-0.013338245144624153,0.008106248607986173,40.979573662485436,-47.249089353827,-75.60172653562962,28.35263718180262,270.48589904397966,0.14432109308283514,297335.0
2025-02-12,23050.80078125,23144.69921875,22798.349609375,23045.25,279700,-0.0011507892904301098,-0.001151451956867338,0.008036521024648156,40.45500291853248,-71.01979235442559,-74.68533969938882,3.6655473449632296,275.90473549619537,0.04365671641791047,296350.0
2025-02-13,23055.75,23235.5,22992.19921875,23031.400390625,265700,-0.0006009745771905495,-0.0006011552347958088,0.007978707217886283,40.16617312560998,-89.93903229245188,-77.73607821800144,-12.202954074450446,273.5758816214671,-0.05005362888809439,295990.0
2025-02-14,23096.44921875,23133.69921875,22774.849609375,22929.25,254500,-0.004435266153706374,-0.00444513112662715,0.007877149883863975,38.010605132317295,-111.88560149839759,-84.56598287408067,-27.319618624316917,279.6668621752909,-0.04215280391418896,293640.0
2025-02-17,22809.900390625,22974.19921875,22725.44921875,22959.5,207400,0.0013192755977626813,0.001318406118349223,0.00727568876426841,39.05368780989357,-125.39205199880234,-92.73119669902502,-32.660855299777324,277.45851487705585,-0.1850687622789784,288365.0
2025-02-18,22963.650390625,22992.5,22801.5,22945.30078125,210600,-0.0006184463402948426,-0.0006186376571162799,0.007146470742655399,38.72429913969447,-135.67776084386423,-101.32050952799287,-34.357251315871366,271.28290667155187,0.015429122468659573,285095.0
2025-02-19,22847.25,23049.94921875,22814.849609375,22932.900390625,207000,-0.0005404326900405598,-0.0005405787764224007,0.007119973197398543,38.41954165138871,-143.17938428122943,-109.69228447864019,-33.48709980258924,268.69838543608387,-0.017094017094017144,281665.0
2025-02-20,22821.099609375,22923.849609375,22812.75,22913.150390625,240800,-0.0008612081186238907,-0.0008615791713867465,0.00704863203768093,37.907840631392396,-149.00054926171288,-117.55393743525472,-31.446611826458152,258.0878143781493,0.16328502415458934,280490.0
2025-02-21,22857.19921875,22921.0,22720.30078125,22795.900390625,242800,-0.005117148798882476,-0.005130286241460248,0.0066568918879854454,34.933210082534615,-161.2165554514213,-126.28646103848806,-34.930094412933244,253.98862897613864,0.008305647840531671,279760.0
2025-02-24,22609.349609375,22668.05078125,22518.80078125,22553.349609375,214300,-0.010640105330068539,-0.010697116011174177,0.006918476003353589,29.73507526032391,-188.29905503935152,-138.68897983866077,-49.610075200690744,255.63941329034301,-0.11738056013179576,272380.0
2025-02-25,22516.44921875,22625.30078125,22513.900390625,22547.55078125,250300,-0.00025711604818956513,-0.00025714910818764225,0.0065264749764546385,29.621589949443177,-207.83426402517216,-152.51803667596306,-55.3162273492091,245.33662595710425,0.16798880074661682,273580.0
2025-02-27,22568.94921875,22613.30078125,22508.400390625,22545.05078125,289200,-0.00011087678764998277,-0.00011088293493540093,0.0064252442896564396,29.569194380891545,-220.9705757488191,-166.20854449053428,-54.76203125828482,235.30546629052537,0.15541350379544538,269945.0
2025-02-28,22433.400390625,22450.349609375,22104.849609375,22124.69921875,551300,-0.018644959666695105,-0.01882096814125905,0.006802920905267711,22.39598259118584,-262.2766930451362,-185.42217420145468,-76.85451884368152,249.94087383227355,0.9062932226832643,282265.0
2025-03-03,22194.55078125,22261.55078125,22004.69921875,22119.30078125,282400,-0.00024400049223838316,-0.0002440302652016664,0.006818648265281484,22.321091581515375,-292.080772060257,-206.75389377321517,-85.32687828704184,250.43449445139686,-0.4877562125884274,282335.0
2025-03-04,21974.44921875,22105.05078125,21964.599609375,22082.650390625,253300,-0.0016569416451024388,-0.001658315891150207,0.006804735749128951,21.788394870595127,-315.02666829506416,-228.408448677585,-86.61821961747916,243.59639998165423,-0.1030453257790368,278515.0
2025-03-05,22073.05078125,22394.900390625,22067.80078125,22337.30078125,305900,0.011531695069225467,0.01146571185468711,0.006183275929897185,33.63870834413679,-309.10018354831845,-244.5467956517317,-64.55338789658674,249.5609149383218,0.20765890248716934,274975.0
2025-03-06,22476.349609375,22556.44921875,22245.849609375,22544.69921875,372100,0.009284847776867,0.00924200854408832,0.006765754150022911,41.42319750114419,-284.38981235302344,-252.51539899199008,-31.874413361033362,253.9208216837988,0.2164105916966328,280230.0
2025-03-07,22508.650390625,22633.80078125,22464.75,22552.5,289800,0.00034601398645017767,0.00034595413741610534,0.0067854142034042934,41.70021013694144,-261.1666408341698,-254.24564736042603,-6.920993473743778,247.85867593852745,-0.22117710292932002,279370.0
2025-03-10,22521.849609375,22676.75,22429.05078125,22460.30078125,293900,-0.004088203913091726,-0.004096583464717347,0.006796517070096637,39.332650351402414,-247.35051375148396,-252.86662063863764,5.516106887153683,247.84728613934695,0.014147688060731634,275660.0
2025-03-11,22345.94921875,22522.099609375,22314.69921875,22497.900390625,347900,0.0016740474556060647,0.0016726478000064651,0.006738476901255461,40.80856868752832,-230.70770444879236,-248.43483740066858,17.72713295187623,244.95822217403645,0.18373596461381414,281345.0
2025-03-12,22536.349609375,22577.400390625,22329.55078125,22470.5,369700,-0.0012179087892316698,-0.001218651042867137,0.006180019037489652,40.04402357092675,-217.22510490880813,-242.19289090229648,24.96778599348835,245.16474983124814,0.06266168439206665,286430.0
2025-03-13,22541.5,22558.05078125,22377.349609375,22397.19921875,287500,-0.003262089461738671,-0.00326742167482874,0.006195068493218032,37.993352944622536,-210.0336706691196,-235.76104685566114,25.727376186541534,240.560208548659,-0.22234243981606705,286820.0
2025-03-17,22353.150390625,22577.0,22353.150390625,22508.75,251100,0.004980568336268254,0.004968206335327962,0.006357156384161249,42.79449669625264,-193.10717216885678,-227.23027191830028,34.1230997494435,239.36659432196907,-0.12660869565217392,286090.0
2025-03-18,22662.25,22857.80078125,22599.19921875,22834.30078125,272600,0.01446329899483545,0.014359703182661372,0.007181047667100956,53.99095131343237,-151.6751560684388,-212.11924874832798,60.44409267988917,247.2011791025427,0.08562325766626833,286995.0
2025-03-19,22874.94921875,22940.69921875,22807.94921875,22907.599609375,324000,0.0032100316461272094,0.0032048904937790478,0.007214457203313546,56.075502151883626,-111.63848302174665,-192.02309560301174,80.38461258126509,239.02609488093253,0.18855465884079248,292825.0
2025-03-20,23036.599609375,23216.69921875,22973.94921875,23190.650390625,313700,0.012356195589090069,0.012280480863664548,0.007725374349534248,63.03950616692797,-56.41893631255152,-164.9022637449197,108.48332743236818,244.03134591622307,-0.03179012345679011,297980.0
2025-03-21,23168.25,23402.69921875,23132.80078125,23350.400390625,541000,0.0068885519512889015,0.0068649342763162065,0.00784777290006178,66.28810828496115,0.23078189336956711,-131.87565461726186,132.10643651063143,245.8789953150643,0.7245776219317819,314680.0
2025-03-24,23515.400390625,23708.75,23433.5,23658.349609375,311900,0.013188177230298859,0.013101970335000056,0.008291216373125954,71.49017819078647,69.17758389922528,-91.66500691396445,160.84259081318973,253.9126106050597,-0.42347504621072085,318235.0
2025-03-25,23751.5,23869.599609375,23601.400390625,23668.650390625,338200,0.00043539728764163677,0.0004353025297464832,0.008145548504080918,71.64777807768957,123.22909982803685,-48.68618556556419,171.91528539360104,254.9330826154126,0.08432189804424506,323005.0
2025-03-26,23700.94921875,23736.5,23451.69921875,23486.849609375,278600,-0.007681079328545448,-0.007710730752587225,0.007927335601810699,64.83561129118522,149.6702069679559,-9.014907058860175,158.68511402681605,257.0664896607403,-0.17622708456534597,326220.0
2025-03-27,23433.94921875,23646.44921875,23412.19921875,23591.94921875,510300,0.004474827877002596,0.004464845602965276,0.007926017031460775,66.80078267379496,177.06454513919743,28.20098338075135,148.86356175844608,255.43674039925884,0.8316582914572865,339220.0
2025-03-28,23600.400390625,23649.19921875,23450.19921875,23519.349609375,295400,-0.0030773044101545244,-0.003082049047667123,0.008000367353249578,64.13449559532964,190.7180942959967,60.70440556380042,130.01368873219627,251.40554465645465,-0.421124828532236,339530.0
2025-04-01,23341.099609375,23565.150390625,23136.400390625,23165.69921875,314300,-0.015036571865236992,-0.015150767296533939,0.007522692743064188,53.03057738437465,171.03046667045055,82.76961778513045,88.2608488853201,264.0730057524222,0.06398104265402837,327680.0
2025-04-02,23192.599609375,23350.0,23158.44921875,23332.349609375,341000,0.0071938424586863725,0.007168090205371445,0.0075732308321355725,56.824101362189715,166.95067029948768,99.6058282880019,67.34484201148578,258.8928468593921,0.08495068405981554,330610.0
2025-04-03,23150.30078125,23306.5,23145.80078125,23250.099609375,283200,-0.0035251486188494496,-0.003531376595912815,0.007640846551218073,54.48515606278791,155.29042333877078,110.74274729815569,44.54767604061509,253.72541694979265,-0.16950146627565987,332105.0
2025-04-04,23190.400390625,23214.69921875,22857.44921875,22904.44921875,466800,-0.014866619775066536,-0.014978235581472139,0.008282577729622308,45.92930540883512,116.81196024745441,111.95658988801544,4.855370359438965,263.6486293551646,0.6483050847457628,340150.0
2025-04-07,21758.400390625,22254.0,21743.650390625,22161.599609375,647100,-0.03243254628305536,-0.032970136904421674,0.011054368423462609,33.68632486681098,26.07516750214927,94.78030541084222,-68.70513790869295,327.73078641015286,0.38624678663239065,353900.0
2025-04-08,22446.75,22697.19921875,22270.849609375,22535.849609375,468300,0.016887318902814252,0.01674631338889978,0.011735598918645366,42.065143844970315,-15.45736433536149,72.73277146160147,-88.19013579696296,342.57855947907046,-0.27630968938340283,362825.0
2025-04-09,22460.30078125,22468.69921875,22353.25,22399.150390625,383800,-0.006065856008070525,-0.006084328049671031,0.011780121625205938,40.07343790123171,-58.72572593927907,46.44107198142537,-105.16679792070444,331.15149161449403,-0.18043988896006835,367320.0
2025-04-11,22695.400390625,22923.900390625,22695.400390625,22828.55078125,402200,0.019170387409190415,0.018988950673859396,0.012532410169916268,48.346785658237444,-57.7020381894763,25.612449947245036,-83.31448813672134,344.979956499173,0.04794163626889003,370035.0
2025-04-15,23368.349609375,23368.349609375,23207.0,23328.55078125,388300,0.02190239778210845,0.02166598602930882,0.013362399393499468,55.969472182238704,-16.35639065684518,17.218681826426995,-33.57507248327217,358.8955901867321,-0.03455992043759326,370965.0
2025-04-16,23344.099609375,23452.19921875,23273.05078125,23437.19921875,348400,0.004657316201027051,0.004646504460063537,0.01331924989516251,57.43927111816953,24.890432374781085,18.753031936097813,6.137400438683272,346.05650785196553,-0.10275560133917072,374010.0
2025-04-17,23401.849609375,23872.349609375,23298.55078125,23851.650390625,505300,0.017683476937954135,0.017528943393621495,0.013742609008305762,62.57186388467556,89.98429965881951,32.99928548064216,56.98501417817735,362.3238164428966,0.4503444316877152,386720.0
2025-04-21,23949.150390625,24189.55078125,23903.650390625,24125.55078125,406100,0.011483498464016417,0.011418063566753105,0.01362874627542785,65.53034405201471,161.807910034815,58.761010391476724,103.04689964333826,360.57928602733256,-0.19631901840490795,393395.0
2025-04-22,24185.400390625,24242.599609375,24072.0,24167.25,440900,0.0017284255654137493,0.0017269335569158489,0.013630158952585654,65.97134066227866,219.56243806404382,90.92129592599015,128.64114213805368,347.0093091235945,0.08569317901994578,399240.0
2025-04-23,24357.599609375,24359.30078125,24119.94921875,24328.94921875,415000,0.006690840652122221,0.006668556323176313,0.013478967314476693,67.69719155420327,275.20865909191707,127.77876855917555,147.42989053274152,339.31947007905205,-0.058743479246994745,404305.0
2025-04-24,24277.900390625,24347.849609375,24216.150390625,24246.69921875,358800,-0.0033807460922566923,-0.0033864737270896763,0.013494984276854258,65.8672360069573,309.10859113264814,164.04473307387008,145.06385805877807,324.4894521269769,-0.13542168674698796,395195.0
2025-04-25,24289.0,24365.44921875,23847.849609375,24039.349609375,387700,-0.00855166336268387,-0.008588438645809417,0.01341729687173951,61.36389528963377,315.6050523411068,194.35679692731742,121.24825541378937,338.28303478755,0.08054626532887399,398985.0
2025-04-28,24070.25,24355.099609375,24054.05078125,24328.5,320500,0.012028211882747275,0.011956447831200931,0.013646239969512619,64.96152009314287,340.16436163017715,223.51830986788937,116.64605176228778,336.673532302725,-0.17332989424812995,398100.0
2025-04-29,24370.69921875,24457.650390625,24290.75,24335.94921875,357600,0.0003061930965739812,0.00030614622903455367,0.013482070347425018,65.05180577924877,356.1237084477689,250.0393895838653,106.08431886390358,324.5468793257446,0.11575663026521066,402050.0
2025-04-30,24342.05078125,24396.150390625,24198.75,24334.19921875,424500,-7.191007773188485e-05,-7.191266338548166e-05,0.013472606212045905,65.0094256790006,364.4294792199762,272.9174075110875,91.5120717088887,315.46498727569144,0.18708053691275173,397760.0
2025-05-02,24311.900390625,24589.150390625,24238.5,24346.69921875,421100,0.0005136803511647248,0.0005135484625769229,0.013431485738811767,65.18390314793311,367.7809579820205,291.8901176052741,75.89084037674638,317.97823037207064,-0.008009422850412284,404045.0
2025-05-05,24419.5,24526.400390625,24400.650390625,24461.150390625,291500,0.004700890697612925,0.004689876016656186,0.01283880490527132,66.81552010810762,375.34553245533607,308.5812005752865,66.76433188004955,308.1012976222799,-0.30776537639515555,402905.0
2025-05-06,24500.75,24509.650390625,24331.80078125,24379.599609375,302400,-0.0033338898599493128,-0.0033394596535795407,0.012862202013655967,64.49617871491148,370.48927597482543,320.9628156551943,49.526460319631155,298.79760560461705,0.03739279588336197,400975.0
2025-05-07,24233.30078125,24449.599609375,24220.0,24414.400390625,330100,0.0014274549954715887,0.001426437150093386,0.012793616720663542,65.05366541032495,365.2385473108952,329.81796198633447,35.42058532456076,293.8548915882158,0.09160052910052907,403320.0
2025-05-08,24431.5,24447.25,24150.19921875,24273.80078125,411400,-0.005758880297096702,-0.005775526588332327,0.01228962497704232,60.89350403072259,345.74654265470235,333.00367812000803,12.74286453469432,294.0831694212004,0.2462890033323235,400550.0
2025-05-09,23935.75,24164.25,23935.75,24008.0,335600,-0.0109501096942064,-0.011010503428714508,0.009603291619675313,53.8787458150248,305.3314163695977,327.469225769926,-22.137809400328308,297.22371312325754,-0.18424890617403988,384975.0
2025-05-12,24420.099609375,24944.80078125,24378.849609375,24924.69921875,368700,0.038183073090219954,0.0374721401846667,0.011895652980824492,67.69893245502726,343.3145865437182,330.6382979246845,12.676288619033699,342.9077894180249,0.09862932061978547,379995.0
2025-05-13,24864.05078125,24973.80078125,24547.5,24578.349609375,423000,-0.01389583907654357,-0.013993290077199355,0.01240537756998277,60.34187534711952,341.5320349460235,332.8170453289523,8.714989617071183,348.8644316917374,0.14727420667209112,381955.0
2025-05-14,24613.80078125,24767.55078125,24535.55078125,24666.900390625,345500,0.0036027960647213586,0.003596321541244558,0.011937095580999686,61.49403508815213,343.30722595984116,334.9150814551301,8.392144504711041,340.51697228518475,-0.18321513002364065,379120.0
2025-05-15,24694.44921875,25116.25,24494.44921875,25062.099609375,500800,0.01602143814146184,0.015894449466611917,0.01154771458956743,66.21196820845032,372.3115756748266,342.39438029906944,29.91719537575716,360.6086729255287,0.4494934876989869,384745.0
2025-05-16,25064.650390625,25070.0,24953.05078125,25019.80078125,432700,-0.0016877607536591732,-0.0016891866264205442,0.01160379765766316,65.28989232498522,387.4186488412706,351.3992340075097,36.01941483376095,343.2044261987052,-0.13598242811501593,388960.0
2025-05-19,25005.349609375,25062.94921875,24916.650390625,24945.44921875,255300,-0.0029717088137536374,-0.002976133107706799,0.011175328453528217,63.612934865248775,388.908468714224,358.90108094885255,30.007387765371448,329.13974062201197,-0.409983822509822,376460.0
2025-05-20,24996.19921875,25010.349609375,24669.69921875,24683.900390625,414800,-0.010484831354666824,-0.010540184450815589,0.011304267517287084,57.972110625960745,364.77940718347236,360.07674619577654,4.702660987695822,329.9619299079397,0.6247551899725812,376895.0
2025-05-21,24744.25,24946.19921875,24685.349609375,24813.44921875,332700,0.00524831270888626,0.0052345883147392296,0.0113409384777006,59.870253692862256,352.05222096640136,358.47184114990154,-6.419620183500172,325.1288512091583,-0.1979267116682739,371485.0
2025-05-22,24733.94921875,24737.5,24462.400390625,24609.69921875,403300,-0.008211272774042211,-0.008245170966734258,0.011460381448252642,55.61584948411546,321.81522639785544,351.14051819949236,-29.325291801636922,326.9802781317184,0.21220318605350164,370900.0
2025-05-23,24639.5,24909.05078125,24614.05078125,24853.150390625,270500,0.009892488718005854,0.009843878373448323,0.01160074422699342,59.33424377417408,313.8784697042902,343.68810850045196,-29.809638796161778,325.00679844373855,-0.3292834118522192,366485.0
2025-05-26,24919.349609375,25079.19921875,24900.5,25001.150390625,302800,0.005954979456279652,0.0059373186446142635,0.011406425216792037,61.44871101091153,315.8895182240958,338.1283904451808,-22.23887222108499,317.9383719924001,0.11940850277264325,362240.0
2025-05-27,24956.650390625,25062.900390625,24704.099609375,24826.19921875,525700,-0.0069977248703164685,-0.00702232377173064,0.011320275704356727,57.63376066380722,299.9090266501662,330.48451768617787,-30.57549103601167,320.8571155108001,0.7361294583883751,372500.0
2025-05-28,24832.5,24864.25,24737.05078125,24752.44921875,684400,-0.0029706520659956714,-0.002975073210803887,0.011354776447416092,56.05392471943381,278.08774092528984,320.00516233400026,-41.917421408710425,307.02440859931437,0.3018832033479171,388840.0
2025-05-29,24825.099609375,24892.599609375,24677.30078125,24833.599609375,345400,0.003278479228775888,0.003273116733106363,0.011365136510240889,57.43649028891688,264.2957363653404,308.86327714026834,-44.56754077492792,300.4725814225776,-0.4953243717124488,384885.0
2025-05-30,24812.599609375,24863.94921875,24717.400390625,24750.69921875,853900,-0.00333823496911434,-0.0033438193068198903,0.011406761235083692,55.51504944363494,243.8649809894232,295.8636179100993,-51.99863692067612,289.4780276156078,1.4722061378112334,406525.0
2025-06-02,24669.69921875,24754.400390625,24526.150390625,24716.599609375,311100,-0.0013777230725331435,-0.001378673005562118,0.011379162768298343,54.70438932267897,222.35869405257108,281.1626331385937,-58.80393908602264,285.10459707163585,-0.6356716243119803,407505.0
2025-06-03,24786.30078125,24845.099609375,24502.150390625,24542.5,349300,-0.007043833380258491,-0.007068758288164619,0.01147586910769115,50.6386175612061,189.08674890629118,262.7474562921332,-73.66070738584204,289.2363557629476,0.12279009964641596,409850.0
2025-06-04,24560.44921875,24644.25,24530.44921875,24620.19921875,280900,0.003165904807986175,0.0031609038835467354,0.011491110863471519,52.341046002107596,167.0623791460239,243.6104408629114,-76.5480617168875,276.705243297737,-0.19582021185227594,407390.0
2025-06-05,24691.19921875,24899.849609375,24613.099609375,24750.900390625,388400,0.005308696762106768,0.005294655304090157,0.011443508333891378,55.14359691077222,158.32927832506175,226.55420835534147,-68.22493003027972,277.4227259193272,0.38269846920612327,406240.0
2025-06-06,24748.69921875,25029.5,24671.44921875,25003.05078125,335600,0.01018752395450262,0.010135980900817266,0.01125333155577234,60.02718057973716,169.79734413257393,215.20283551078796,-45.40549137821404,283.181872728661,-0.1359423274974253,406240.0
2025-06-09,25160.099609375,25160.099609375,25077.150390625,25103.19921875,279200,0.004005448710087123,0.003997448256890138,0.00760140467067374,61.80579135541008,184.83633265261233,209.12953493915285,-24.29320228654052,274.1723695426852,-0.16805721096543502,401765.0
2025-06-10,25196.05078125,25199.30078125,25055.44921875,25104.25,307300,4.18584595869298e-05,4.18575835460567e-05,0.006813958093763031,61.82498459031922,194.59644201843184,206.22291635500866,-11.62647433657682,264.8637404682077,0.10064469914040108,395980.0
2025-06-11,25134.150390625,25222.400390625,25081.30078125,25141.400390625,301200,0.0014798446727146697,0.001478750781646587,0.006788855394316956,62.54168014306887,202.98919200426462,205.57617148485988,-2.586979480595261,256.0234453901214,-0.01985030914415875,393765.0
2025-06-12,25164.44921875,25196.19921875,24825.900390625,24888.19921875,328300,-0.010071084662786611,-0.010122141121121413,0.006245986917419151,54.96730297548737,187.05305714838323,201.87154861756454,-14.81849146918131,264.18597272832704,0.08997343957503312,385140.0
2025-06-13,24473.0,24754.349609375,24473.0,24718.599609375,318700,-0.006814458847919758,-0.006837783295332098,0.006408162046827338,50.551073937068594,158.90650906729206,193.27854070751005,-34.37203164021798,274.97263315844657,-0.02924154736521478,379440.0
2025-06-16,24732.349609375,24967.099609375,24703.599609375,24946.5,305800,0.00921979376770854,0.00917755091754434,0.006739243889354309,55.70147800480522,153.22355801011872,185.2675441680318,-32.04398615791308,274.1531593614147,-0.04047693755883275,381965.0
2025-06-17,24977.849609375,24982.05078125,24813.69921875,24853.400390625,242400,-0.0037319707924959866,-0.0037389519699400583,0.0063389918793272555,53.260965990923815,139.59821659911177,176.13367865424783,-36.535462055136065,266.5959024427422,-0.2073250490516677,373345.0
2025-06-18,24788.349609375,24947.55078125,24750.44921875,24812.05078125,237600,-0.0016637405234334324,-0.0016651260767121068,0.006245784638671066,52.167704147410134,124.03368435716766,165.71367979483182,-41.67999543766416,261.6320210182606,-0.01980198019801982,368590.0
2025-06-19,24803.25,24863.099609375,24733.400390625,24793.25,274600,-0.0007577278241026608,-0.0007580150449296773,0.005942787552482244,51.64859008825798,108.92598356239978,154.35614054834542,-45.430156985945644,252.20824942767058,0.1557239057239057,362155.0
2025-06-20,24787.650390625,25136.19921875,24783.650390625,25112.400390625,574700,0.01287247095983779,0.012790324902965947,0.006220021585366039,59.09057245226435,121.30743451592934,147.74639934186223,-26.438964825932885,259.375433620337,1.0928623452294248,377365.0
2025-06-23,24939.75,25057.0,24824.849609375,24971.900390625,248500,-0.0055948454872697395,-0.005610555258512813,0.006226543854697792,55.071964062988286,118.41760338817039,141.88064015112388,-23.463036762953493,261.3879584510272,-0.5676004872107187,374650.0
2025-06-24,25179.900390625,25317.69921875,24999.69921875,25044.349609375,450200,0.0029012296868362597,0.0028970292423300638,0.006034760617406691,56.7069634822824,120.58342718108906,137.62119755711691,-17.03777037602785,267.4173062848824,0.8116700201207243,370875.0
2025-06-25,25150.349609375,25266.80078125,25125.05078125,25244.75,260600,0.008001820520425307,0.00796997571939643,0.0062029390617591275,60.941142761338696,136.89248351108108,137.47545474790977,-0.5829712368286835,264.2054395413194,-0.4211461572634385,349685.0
2025-06-26,25268.94921875,25565.30078125,25259.900390625,25549.0,428900,0.012052010814129765,0.011979963629751521,0.006660651614176027,66.32587616044496,172.38086116550767,144.45653603142935,27.924325134078316,268.23010680622514,0.6458173445894091,353860.0
2025-06-27,25576.650390625,25654.19921875,25523.55078125,25637.80078125,564000,0.003475704773181043,0.00346967847107354,0.006577901271137635,67.72446175241916,205.30451439999524,156.62613170514254,48.6783826948527,258.40284471292335,0.3149918395896478,339365.0
2025-06-30,25661.650390625,25669.349609375,25473.30078125,25517.05078125,271000,-0.004709842354665206,-0.004720968611190444,0.006703120931641388,63.84160323498923,219.12726819453746,169.12635900302155,50.000909191515916,253.94898638521454,-0.5195035460992907,337360.0
2025-07-01,25551.349609375,25593.400390625,25501.80078125,25541.80078125,260700,0.0009699396772837598,0.0009694695897414579,0.006390071868848,64.29348643788433,229.43424318234975,181.1879358388872,48.24630734346255,242.35260231305637,-0.03800738007380078,332930.0
2025-07-02,25588.30078125,25608.099609375,25378.75,25453.400390625,309800,-0.0034610085397696055,-0.0034670116851196766,0.006497415629698564,61.34460656020463,227.84299022342748,190.51894671579527,37.32404350763221,241.4238171031952,0.1883390870732642,334375.0
2025-07-03,25505.099609375,25587.5,25384.349609375,25405.30078125,293400,-0.00188971251922454,-0.0018915002785163046,0.006484764340096467,59.73906851786323,220.16277487556727,196.4477123477497,23.715062527817565,238.69000092618126,-0.05293737895416395,329625.0
2025-07-04,25428.849609375,25470.25,25331.650390625,25461.0,193500,0.0021924250859925998,0.0021900252291445488,0.006150002742238698,61.0116094494705,216.0797771685502,200.3741253119098,15.7056518566404,231.540687243954,-0.3404907975460123,322520.0
2025-07-07,25450.44921875,25489.80078125,25407.25,25461.30078125,196100,1.1813410706551508e-05,1.181334092876479e-05,0.006109045748986802,61.01877467340441,210.44239368392664,202.38777898631318,8.05461469761346,220.89855110152874,0.013436692506459957,318365.0
2025-07-08,25427.849609375,25548.05078125,25424.150390625,25522.5,210400,0.0024036171315751087,0.0024007330644550996,0.0061182673395002805,62.52775632585916,208.5094252850431,203.61210824605917,4.897317038983942,213.970111067491,0.07292197858235605,313520.0
2025-07-09,25514.599609375,25548.69921875,25424.349609375,25476.099609375,239100,-0.00181801902732881,-0.0018196736296237606,0.006144151307513801,60.61196895138957,200.91735990517918,203.0731585778832,-2.155798672704009,207.5686466608845,0.13640684410646386,310415.0
2025-07-10,25511.650390625,25524.05078125,25340.44921875,25355.25,219600,-0.004743646446198069,-0.004754933244868607,0.005753143620147038,55.81533787047571,183.0390793308652,199.0663427284796,-16.027263397614405,205.8567120779642,-0.081555834378921,304980.0
2025-07-11,25255.5,25322.44921875,25129.0,25149.849609375,250000,-0.008100901810276007,-0.00813389240519248,0.005851698947997922,48.75340513349062,150.5607476705809,189.3652237168999,-38.804476046318996,207.31337550096677,0.1384335154826959,301545.0
2025-07-14,25149.5,25151.099609375,25001.94921875,25082.30078125,259500,-0.002685854157148504,-0.0026894675348791744,0.005558752408601373,46.66247728261689,118.0104588251088,175.09427073854167,-57.08381191343287,203.15887658125487,0.038000000000000034,299230.0
2025-07-15,25089.5,25245.19921875,25088.44921875,25195.80078125,241300,0.004525103218794291,0.004514895720960817,0.005551728579265225,50.503700541232284,100.21737829004996,160.11889224884334,-59.90151395879337,200.2831309325938,-0.07013487475915225,299175.0
2025-07-16,25196.599609375,25255.30078125,25121.05078125,25212.05078125,228800,0.0006449487413033861,0.0006447408512447503,0.005524242501647587,51.04727094755348,86.43114848862024,145.38134349679873,-58.9501950081785,195.56647872312283,-0.05180273518441769,298735.0
2025-07-17,25230.75,25238.349609375,25101.0,25111.44921875,243400,-0.003990217351728331,-0.003998199509757984,0.0056190270260240574,47.564670806663734,66.61980507167755,129.6290358117745,-63.00923074009694,191.40813091254265,0.06381118881118875,297175.0
2025-07-18,25108.55078125,25144.599609375,24918.650390625,24968.400390625,317000,-0.0056965580472427835,-0.005712845317742711,0.005002198072795736,43.06557167403083,38.927594680091715,111.48874758543795,-72.56115290534623,193.87535147236102,0.3023829087921117,284290.0
2025-07-21,24999.0,25111.400390625,24882.30078125,25090.69921875,305200,0.004898144302865282,0.004886187422514114,0.0049648317301059924,47.62671342785274,26.543831007995323,94.49976426994944,-67.95593326195412,196.3913698939781,-0.037223974763406886,287125.0
2025-07-22,25166.650390625,25182.0,25035.55078125,25060.900390625,483700,-0.0011876443882732346,-0.0011883501967580668,0.00493358703089661,46.64614935509851,14.161843767655228,78.4321801694906,-64.27033640183537,192.82407338369396,0.584862385321101,288800.0
2025-07-23,25139.349609375,25233.5,25085.5,25219.900390625,271500,0.006344544590244583,0.006324502693684897,0.00480634168655735,52.290486816458596,16.98322876434031,66.14238988846054,-49.15916112412023,191.37946881164441,-0.4387016745916891,289345.0
2025-07-24,25243.30078125,25246.25,25018.69921875,25062.099609375,338700,-0.006256994627491075,-0.006276651657225533,0.004080319546921606,46.97865309389378,6.4120780065932195,54.19632751208708,-47.78424950549386,193.96313398581268,0.24751381215469603,284835.0
2025-07-25,25010.349609375,25010.349609375,24806.349609375,24837.0,278100,-0.008981674037030651,-0.009022252428611252,0.0043155460367806904,40.63711089796766,-19.899898725336243,39.37708226460242,-59.276980989938664,198.37648155825462,-0.1789193976970771,270540.0
2025-07-28,24782.44921875,24889.19921875,24646.599609375,24680.900390625,262100,-0.006284962329387578,-0.006304795850755804,0.004389978276115753,36.915625531516795,-52.740306328982115,20.953604545885515,-73.69391087486763,201.5352764023079,-0.05753326141675652,270095.0
2025-07-29,24609.650390625,24847.150390625,24598.599609375,24821.099609375,284700,0.005680474234370125,0.005664401180259817,0.004655793937373062,42.04878219312465,-66.68495801184326,3.4258920343397588,-70.11085004618302,204.89352674857162,0.08622663105684847,271295.0
2025-07-30,24890.400390625,24902.30078125,24771.94921875,24855.05078125,243900,0.001367835124523431,0.001366900490246142,0.0046699915143018494,43.252984900841085,-74.14195678176475,-12.087677728881143,-62.0542790528836,199.5691007308165,-0.1433087460484721,268000.0
2025-07-31,24642.25,24956.5,24635.0,24768.349609375,346300,-0.0034882717656889994,-0.003494369971240235,0.004696353671231091,40.91483312731572,-86.05574495014298,-26.881291173133512,-59.17445377700947,208.27845067861534,0.4198441984419845,270645.0
2025-08-01,24734.900390625,24784.150390625,24535.05078125,24565.349609375,263400,-0.008195943742782208,-0.008229715141942045,0.004867212892008528,36.00690532484156,-110.60294941311076,-43.62562282112897,-66.9773265919818,211.1942477283571,-0.2393878140340745,274140.0
2025-08-04,24596.05078125,24736.25,24554.0,24722.75,259300,0.006407415043054421,0.006386974825463857,0.005189547754740942,41.83313364666909,-116.01850067283522,-58.10419839147022,-57.914302281364996,209.1268014620459,-0.015565679574791158,277300.0
2025-08-05,24720.25,24733.099609375,24590.30078125,24649.55078125,251800,-0.0029608040671041946,-0.0029651959185494695,0.005117004021819715,40.00883628523377,-124.77855970056771,-71.43907065328972,-53.33948904727799,204.38908908082834,-0.02892402622445045,279370.0
2025-08-06,24641.349609375,24671.400390625,24539.19921875,24574.19921875,225100,-0.003056914228121266,-0.003061596134311999,0.005125549043037064,38.16383067098533,-136.23082677698767,-84.39742187802932,-51.83340489895835,199.23280928041203,-0.10603653693407467,278670.0
2025-08-07,24464.19921875,24634.19921875,24344.150390625,24596.150390625,616700,0.0008932609229541644,0.0008928622028389917,0.005109863851447913,39.045684014607296,-141.89982200891973,-95.89790190420742,-46.00192010471231,205.71966776931117,1.7396712572190136,298525.0
2025-08-08,24544.25,24585.5,24337.5,24363.30078125,312600,-0.009466912735407229,-0.00951200879308063,0.005212019025939098,33.575750972947816,-163.29914811503477,-109.37815114637289,-53.92099696866188,209.50043368757468,-0.4931084806226691,301655.0
2025-08-11,24371.5,24600.849609375,24347.44921875,24585.05078125,241100,0.009101804471857822,0.009060632685991908,0.005718994386408408,41.92035488205784,-160.51458425954115,-119.60543776900654,-40.90914649053461,212.6361448973908,-0.2287268074216251,300735.0
2025-08-12,24563.349609375,24702.599609375,24465.650390625,24487.400390625,237000,-0.003971941790719136,-0.003979850901478695,0.0056020116299671276,39.56331573504213,-164.29349463048493,-128.54304914130222,-35.75044548918271,214.37279302972001,-0.017005391953546223,300520.0
2025-08-13,24586.19921875,24664.55078125,24535.25,24619.349609375,236000,0.005388453516712133,0.0053739877432256436,0.005790650724329347,44.134250238544794,-154.85602525294962,-133.8056443636317,-21.05038088931792,211.71405000081145,-0.00421940928270037,300880.0
2025-08-14,24607.25,24673.650390625,24596.900390625,24631.30078125,270200,0.00048543816407109475,0.00048532037708285097,0.005762911985136686,44.54336601487869,-144.74388567365168,-135.99329262563572,-8.750593048015958,202.0737607150392,0.14491525423728824,302220.0
2025-08-18,24938.19921875,25022.0,24852.849609375,24876.94921875,363100,0.009973019276634965,0.009923616908863717,0.006133669370872743,52.27903702577672,-115.5758794713729,-131.90980999478316,16.33393052341026,215.54700771753642,0.3438193930421909,304525.0
2025-08-19,24891.349609375,25012.650390625,24873.94921875,24980.650390625,252300,0.004168564680625764,0.004159900285259885,0.0061041537343617235,55.124840049693425,-83.13389076478416,-122.15462614878336,39.02073538399921,210.05801944306953,-0.3051500963921785,301880.0
2025-08-20,24965.80078125,25088.69921875,24929.69921875,25050.55078125,287100,0.0027981813736617234,0.002794273751954044,0.006135773126971717,56.986831551326105,-51.19288394178875,-107.96227770738444,56.769393765595694,206.41101805427886,0.13793103448275867,292050.0
2025-08-21,25142.0,25153.650390625,25054.900390625,25083.75,226500,0.0013252889742787488,0.0013244115539841486,0.005963064718610985,57.88072452069734,-22.936113180847315,-90.95704480207702,68.0209316212297,199.03163172004466,-0.21107628004179724,289800.0
2025-08-22,25064.150390625,25084.849609375,24859.150390625,24870.099609375,210200,-0.008517482060098724,-0.008553963109247331,0.006103866563452828,50.59383482021025,-17.57957336750769,-76.28155051516316,58.70197714765547,200.93645936504146,-0.07196467991169975,283375.0
2025-08-25,24949.150390625,25021.55078125,24894.349609375,24967.75,213000,0.003926417350905487,0.003918729092601476,0.005819299651742712,53.476758720416846,-5.392742371386703,-62.10378888640787,56.71104651502117,197.40179597289563,0.013320647002854402,280120.0
2025-08-26,24899.5,24919.650390625,24689.599609375,24712.05078125,750500,-0.010241179872034878,-0.010293981565065833,0.006116996054830271,45.92062070464328,-16.180858130872366,-52.91920273530077,36.738344604428406,203.16955273376024,2.523474178403756,304540.0
2025-08-28,24695.80078125,24702.650390625,24481.599609375,24500.900390625,326600,-0.008544430103923584,-0.00858114302373062,0.006258198012649695,40.79455491107537,-41.29259413895488,-50.5938810160316,9.30128687707672,205.11823981527735,-0.5648234510326449,306635.0
2025-08-29,24466.69921875,24572.44921875,24404.69921875,24426.849609375,325500,-0.0030223697933294824,-0.003026946376657732,0.006260819825102527,39.14424033865326,-66.4036451380016,-53.75583384042561,-12.647811297575984,202.44907982847184,-0.003368034292712818,310715.0
2025-09-01,24432.69921875,24635.599609375,24432.69921875,24625.05078125,229300,0.008114070174605414,0.008081328102276956,0.006534415590926127,45.49940798875656,-69.5098891029229,-56.90664489292507,-12.603244209997825,202.89914555500957,-0.29554531490015357,304865.0
2025-09-02,24653.0,24756.099609375,24522.349609375,24579.599609375,271600,-0.0018457290617897026,-0.0018474345185382894,0.0062770447037331445,44.35548649233296,-74.77715504720254,-60.48074692378057,-14.296408123421969,205.10277801536603,0.18447448757086793,305275.0
2025-09-03,24616.5,24737.05078125,24533.19921875,24715.05078125,340300,0.0055107151470170646,0.005495586709857895,0.006232531395810332,48.51013770913215,-67.2465473605589,-61.83390701113625,-5.412640349422659,205.01340547855418,0.25294550810014726,309325.0
2025-09-04,24980.75,24980.75,24708.19921875,24734.30078125,314100,0.0007788776228048189,0.0007785744550393448,0.006195389255322684,49.09188171325081,-59.044543647538376,-61.27603433841668,2.231490690878303,209.83750374794317,-0.07699089039083162,312440.0
2025-09-05,24818.849609375,24832.349609375,24621.599609375,24741.0,210100,0.00027084730671167456,0.0002708106342015157,0.0061484916911641535,49.30653634290071,-51.411189457594446,-59.303065362252234,7.8918759046577875,209.90268205166151,-0.33110474371219356,311690.0
2025-09-08,24802.599609375,24885.5,24751.55078125,24773.150390625,213200,0.0012994782193525012,0.0012986346282709543,0.006151087087262095,50.38769492255239,-42.28005527649657,-55.898463345101106,13.618408068604538,205.23106190511427,0.0147548786292242,291515.0
2025-09-09,24864.099609375,24891.80078125,24814.0,24868.599609375,226900,0.003852930178235292,0.0038455266535053208,0.005733980700443175,53.554708558654085,-27.03002608587485,-50.12477589325586,23.094749807381007,199.04672824224897,0.06425891181988752,287230.0
2025-09-10,24991.0,25035.69921875,24915.05078125,24973.099609375,244100,0.0042020862308871365,0.004193282121674665,0.005472360493708818,56.80569817314366,-6.437780696232949,-41.38737685385128,34.94959615761833,196.76479118030264,0.07580431908329666,287380.0
2025-09-11,24945.5,25037.30078125,24940.150390625,25005.5,224600,0.0012974116602184615,0.0012965707489705478,0.005356621494733883,57.79217192425278,12.353756461707235,-30.639150190739578,42.99290665244681,189.64947685492388,-0.07988529291274071,286760.0
2025-09-12,25074.44921875,25139.44921875,25038.05078125,25114.0,225700,0.004339045410009845,0.004329658895022681,0.0053171652215363895,61.00393865631343,35.59095786508624,-17.393128579574416,52.984086444660655,185.67088699028648,0.004897595725734671,286245.0
2025-09-15,25118.900390625,25138.44921875,25048.75,25069.19921875,185400,-0.0017838966811339896,-0.001785489719644452,0.005352739337093569,59.007309823263896,49.81729598322636,-3.951043667014261,53.76833965024062,178.815767830266,-0.178555604785113,282005.0
2025-09-16,25073.599609375,25261.400390625,25070.44921875,25239.099609375,240100,0.006777256391098607,0.0067543940269436074,0.005112475992795182,63.84071075378266,73.94887642783578,11.628940351955748,62.31993607588004,179.7718681191756,0.2950377562028048,275855.0
2025-09-17,25276.599609375,25346.5,25275.349609375,25330.25,268900,0.003611475529465391,0.003604969810507005,0.005094312979783541,66.14689374967335,99.28391931688384,29.15993614494137,70.12398317194247,174.6024768695916,0.11995002082465644,276685.0
2025-09-18,25441.05078125,25448.94921875,25329.75,25423.599609375,272200,0.0036853015416349333,0.0036785274558399,0.005117277523065793,68.37168175556903,125.44856370354682,48.41766165666246,77.03090204688436,170.64510128962078,0.012272220156191782,275940.0
2025-09-19,25410.19921875,25428.75,25286.30078125,25327.05078125,380400,-0.0037976065391384095,-0.0038048357551339826,0.005214016449800186,63.708256549619215,136.81641488308742,66.09741230194746,70.71900258113996,168.6311096796479,0.3975018368846437,283635.0
2025-09-22,25238.099609375,25331.69921875,25151.05078125,25202.349609375,254500,-0.004923635718664832,-0.00493579674708062,0.004939518877802156,58.18787074992008,134.21601773876318,79.72113338931061,54.494884349452576,169.48949023824449,-0.3309674027339643,285850.0
2025-09-23,25209.0,25261.900390625,25084.650390625,25169.5,299200,-0.0013034343973540308,-0.001304284606843299,0.00489624054866143,56.79181169085924,128.02866062154135,89.38263883575677,38.64602178578458,170.04381236408418,0.17563850687622784,290160.0
2025-09-24,25108.75,25149.849609375,25027.44921875,25056.900390625,244400,-0.00447365300760838,-0.004483689738311146,0.004372543559512979,52.17125828213856,112.73969505965943,94.05405008053731,18.685644979122117,168.0443101416496,-0.1831550802139037,264855.0
2025-09-25,25034.5,25092.69921875,24878.30078125,24890.849609375,342500,-0.006626948212322681,-0.006649003929024595,0.004173680570222499,46.20154475689294,86.2301617697558,92.48927241838102,-6.259110648625224,171.35531923867464,0.4013911620294599,265650.0
2025-09-26,24818.55078125,24868.599609375,24629.44921875,24654.69921875,291500,-0.009487437927231501,-0.009532730366893805,0.00470632130980995,39.31214549350087,45.639696700513014,83.11935727480741,-37.4796605742944,177.7871100519836,-0.1489051094890511,263950.0
2025-09-29,24728.55078125,24791.30078125,24606.19921875,24634.900390625,394400,-0.0008030448049409777,-0.0008033674181471517,0.004355755255860777,38.789894877388086,11.738546078457148,68.84319503553736,-57.104648957080215,178.30957094112762,0.3530017152658662,272205.0
2025-09-30,24691.94921875,24731.80078125,24587.69921875,24611.099609375,303000,-0.0009661407544825362,-0.0009666077692868598,0.004340305422587752,38.13404936736562,-16.854594891290617,51.70363705017177,-68.5582319414624,175.86614176676136,-0.23174442190669375,273775.0
2025-10-01,24620.55078125,24867.94921875,24605.94921875,24836.30078125,308900,0.009150390492475902,0.009108779315782467,0.004642932653729513,47.226178718824734,-21.0997874115601,37.1429521578254,-58.2427395693855,182.0185602119927,0.019471947194719563,272205.0
2025-10-03,24759.55078125,24904.80078125,24747.55078125,24894.25,365900,0.0023332467769816567,0.0023305289834215856,0.004665240408895519,49.29135689589164,-19.562609828732093,25.801839760513904,-45.36444958924599,180.24937733970754,0.18452573648429915,274795.0
2025-10-06,24916.55078125,25095.94921875,24881.650390625,25077.650390625,268800,0.007367178791287232,0.007340173682814145,0.004921884990612432,55.25874763461642,-3.5051021019753534,19.940451388016054,-23.445553489991408,182.68148096722845,-0.2653730527466521,277730.0
2025-10-07,25085.30078125,25220.900390625,25076.30078125,25108.30078125,288000,0.0012222193924698033,0.0012214730903828323,0.0049214012657157104,56.1867067151653,11.560555934396689,18.264472297292183,-6.7039163628954945,179.96134728206928,0.0714285714285714,281470.0
2025-10-08,25079.75,25192.5,25008.5,25046.150390625,227400,-0.0024752925801897474,-0.0024783611817054724,0.004909905826333956,53.75220810365313,18.274524022046535,18.266482642243055,0.008041379803479742,180.24982247620719,-0.2104166666666667,281495.0
2025-10-09,25074.30078125,25199.25,25024.30078125,25181.80078125,286300,0.005416017571936882,0.005401403691044332,0.004966707145392907,58.02693619124629,34.14761252778408,21.44270861935126,12.704903908432815,179.87120792433524,0.25901495162708876,283605.0
2025-10-10,25167.650390625,25330.75,25156.849609375,25285.349609375,232900,0.0041120501676790155,0.004103618794970308,0.005032127937297279,60.99102273468494,54.454951776977396,28.04515725087649,26.409794526100907,179.4447209743827,-0.1865176388403772,284020.0
2025-10-13,25177.30078125,25267.30078125,25152.30078125,25227.349609375,234300,-0.0022938183927065925,-0.0022964532241035664,0.00498857031623365,58.49908729206813,65.11791042774712,35.45970788625061,29.658202541496507,176.13072862799822,0.006011163589523472,284450.0
2025-10-14,25277.55078125,25310.349609375,25060.55078125,25145.5,292100,-0.003244479132464395,-0.0032497538671527296,0.005030203301849772,55.079051695103004,66.20068229313256,41.607902767627,24.592779525505556,181.39273573492693,0.24669227486128897,289785.0
2025-10-15,25181.94921875,25365.150390625,25159.349609375,25323.55078125,289900,0.007080820872521931,0.007055869574947451,0.005051436764707158,60.4902973842534,80.49806522421204,49.385935258944016,31.112129965268025,184.12542536993215,-0.007531667237247519,292275.0
2025-10-16,25394.900390625,25625.400390625,25376.849609375,25585.30078125,372800,0.010336228211479837,0.010283174673804386,0.00549214932479375,66.81839556675563,111.66270352948413,61.84128891305204,49.821414616432094,192.5342956560084,0.28596067609520515,297470.0
2025-10-17,25546.849609375,25781.5,25508.599609375,25709.849609375,422100,0.004867983737610659,0.0048561734175648985,0.005534162083823488,69.33518796509603,144.74245255321875,78.42152164108538,66.32093091213338,198.2747310109364,0.13224248927038618,304965.0
2025-10-20,25824.599609375,25926.19921875,25788.5,25843.150390625,301100,0.005184813729964155,0.0051714188632333265,0.0055255392522037625,71.80048567853984,179.64382875354568,98.66598306357744,80.97784568996823,199.56579375122666,-0.2866619284529732,301000.0
2025-10-21,25901.19921875,25934.349609375,25825.80078125,25868.599609375,42500,0.0009847568259027106,0.000984272270986046,0.005345987871845049,72.25902567129566,206.97112580504108,120.32701161187018,86.6441141931709,193.0645819207819,-0.858850880106277,290400.0
2025-10-23,26057.19921875,26104.19921875,25862.44921875,25891.400390625,448400,0.0008814076368377499,0.0008810194252249848,0.0053120833732048225,72.68753127418799,227.84162170515992,141.82993363052813,86.01168807463179,196.5421117835832,9.550588235294118,297860.0
2025-10-24,25935.099609375,25944.150390625,25718.19921875,25795.150390625,284900,-0.0037174505259611745,-0.0037243774174138414,0.00527026351351715,67.91820855540553,233.91860143653685,160.24766719172987,73.67093424480697,198.64275893297014,-0.3646297948260482,299885.0
2025-10-27,25843.19921875,26005.94921875,25827.0,25966.05078125,266300,0.006625291500029773,0.00660344071508198,0.005025572648597282,71.494643054077,249.64710843904686,178.12755544119327,71.5195529978536,199.51104958954372,-0.06528606528606529,296075.0
2025-10-28,25939.94921875,26041.69921875,25810.05078125,25936.19921875,395200,-0.001149638146805021,-0.0011502994876563522,0.0043003008893127935,70.02618737966469,256.7437102679214,193.8507864065389,62.89292386138251,201.80657729743348,0.4840405557641758,301260.0
2025-10-29,25982.0,26097.849609375,25960.30078125,26053.900390625,321900,0.0045381040946781415,0.004527837947802368,0.004247473835608094,72.43062066172783,268.7671389698262,208.83405691919637,59.93308205062982,198.93827824940252,-0.18547570850202433,297635.0
2025-10-30,25984.400390625,26032.05078125,25845.25,25877.849609375,257400,-0.0067571756478100875,-0.006780108726120027,0.0046942455921832145,64.14245920648966,261.0803938477329,219.2833243049037,41.797069542829234,199.6320005619452,-0.20037278657968316,295355.0
2025-10-31,25863.80078125,25953.75,25711.19921875,25722.099609375,334400,-0.006018660837397216,-0.006036845980053782,0.004794199780131867,57.837002412913726,239.65823862275647,223.35830716847425,16.299931454282216,202.69762775394912,0.2991452991452992,296630.0
2025-11-03,25696.849609375,25803.099609375,25645.5,25763.349609375,23300,0.0016036793506921665,0.001602394830084992,0.0047923412707857865,58.98693853744321,223.43394904622983,223.37343554402537,0.060513502204457836,199.47634072688132,-0.930322966507177,279500.0
2025-11-04,25744.75,25787.400390625,25578.400390625,25597.650390625,305100,-0.006431586779760301,-0.006452358545521922,0.004930772319944512,52.7618767800577,194.95818393304216,217.69038522182873,-22.73220128878657,200.15660210353263,12.094420600858369,281315.0
2025-11-06,25593.349609375,25679.150390625,25491.55078125,25509.69921875,371900,-0.0034359080045569534,-0.0034418242922323408,0.005030304872433452,49.76012274075014,163.41031796620518,206.83437177070402,-43.42405380449884,199.25967405149459,0.2189446083251394,285510.0
2025-11-07,25433.80078125,25551.25,25318.44921875,25492.30078125,305600,-0.0006820322478444663,-0.0006822649376453303,0.004984653481486818,49.16424448426641,135.44319357092536,192.55613613074829,-57.112942559822926,201.6554674228164,-0.17827372949717668,289420.0
2025-11-10,25503.5,25653.44921875,25503.5,25574.349609375,243600,0.0032185728871263475,0.0032134043686110675,0.0049036145665514,52.07866251233541,118.53332235871494,177.7515733763416,-59.21825101762667,198.76210814261523,-0.20287958115183247,287285.0
2025-11-11,25617.0,25715.80078125,25449.25,25694.94921875,297700,0.0047156471705849246,0.004704563337770722,0.004926880573051114,56.065650816614166,113.55452232938842,164.912163166951,-51.35764083756257,203.60415622171413,0.22208538587848925,290525.0
2025-11-12,25834.30078125,25934.55078125,25781.150390625,25875.80078125,312600,0.0070384090258497345,0.007013755040664786,0.005056694977499706,61.269557892682926,122.78658971576442,156.48704847671368,-33.70045876094926,206.175399527306,0.05005038629492775,294440.0
2025-11-13,25906.099609375,26010.69921875,25808.400390625,25879.150390625,385200,0.00012944949620363744,0.00012944111834060272,0.004953158480567294,61.36084501925217,128.8876188749964,150.96716255637023,-22.07954368137382,205.89850156999844,0.23224568138195778,299095.0
2025-11-14,25767.900390625,25940.19921875,25740.80078125,25910.05078125,518900,0.001194026471448284,0.0011933141887742222,0.004773401988414488,62.244915756743175,134.66381112795716,147.70649227068762,-13.042681142730459,205.43421127928426,0.34709241952232617,310545.0
2025-11-17,25948.19921875,26024.19921875,25906.349609375,26013.44921875,281800,0.0039906690408659795,0.003982727442351947,0.0043254522456426595,65.12073392769265,145.9029959571635,147.34579300798282,-1.4427970508193084,199.1781682861211,-0.4569281171709385,305995.0
2025-11-18,26021.80078125,26029.849609375,25876.5,25910.05078125,280000,-0.003974806902018679,-0.003982727442351953,0.004343921069130477,60.183874026005356,144.79760448765956,146.83615530391816,-2.0385508162586063,195.90469979246961,-0.0063875088715400485,298890.0
2025-11-19,25918.099609375,26074.650390625,25856.19921875,26052.650390625,250100,0.005503640675154298,0.005488550984983714,0.004362839204501152,64.21329191694599,153.6569093037142,148.20030610387738,5.45660319983682,197.51516208407895,-0.10678571428571426,296340.0
2025-11-20,26132.099609375,26246.650390625,26063.19921875,26192.150390625,240400,0.005354541588221684,0.005340256999340202,0.004499922749953079,67.66114321397333,169.97508932422716,152.55526274794735,17.419826576279803,197.26407907807334,-0.038784486205517776,306235.0
2025-11-21,26109.55078125,26179.19921875,26052.19921875,26068.150390625,235600,-0.0047342428227803435,-0.0047454848460117445,0.004656014968426023,61.94786611713221,170.93121225398136,156.23045264915416,14.700759604827198,193.17029999213955,-0.019966722129783676,295595.0
2025-11-24,26122.80078125,26142.80078125,25912.150390625,25959.5,464700,-0.004167936312968079,-0.00417664636992243,0.00467784188419043,57.37622414405274,161.0651097444861,157.19738406822057,3.867725676265536,195.84744932305816,0.9724108658743633,304585.0
2025-11-25,25998.5,26032.599609375,25857.5,25884.80078125,260500,-0.002877529180069005,-0.002881677226487561,0.004483808699753143,54.4035808585839,145.54084548781975,154.86607635214042,-9.325230864320673,194.3654607553397,-0.43942328383903595,304295.0
2025-11-26,25842.94921875,26215.150390625,25842.94921875,26205.30078125,275300,0.012381783530362567,0.012305756174877891,0.005267869636437174,63.21062053612769,157.28632681963063,155.35012644563847,1.9362003739921647,207.06801154960115,0.056813819577735014,298300.0
2025-11-27,26261.25,26310.44921875,26141.900390625,26215.55078125,240300,0.0003911422381892571,0.0003910657620054032,0.005182584876902015,63.45374163541803,165.5138540531625,157.38287196714327,8.13098208601923,204.3166413049868,-0.12713403559753,294220.0
2025-11-28,26237.44921875,26280.75,26172.400390625,26202.94921875,202500,-0.0004806903583736144,-0.0004808059270205712,0.004913490937618247,62.90336588751481,169.06847178253156,159.71999193022094,9.348479852310618,197.46185330998776,-0.1573033707865169,291475.0
2025-12-01,26325.80078125,26325.80078125,26124.19921875,26175.75,213800,-0.0010380212747401751,-0.001038560391932615,0.004678344675092262,61.66021511635801,167.7569842140001,161.3273903869768,6.429593827023325,197.75754682356006,0.05580246913580256,285445.0
2025-12-02,26087.94921875,26154.599609375,25997.849609375,26032.19921875,254800,-0.005484113396941881,-0.005499206353098099,0.004885094826180263,55.43353819450387,153.36636058664953,159.73518442691133,-6.368823840261797,196.33917852366292,0.19176800748362965,297020.0
2025-12-03,26004.900390625,26066.44921875,25891.0,25986.0,265700,-0.0017746951904364927,-0.0017762718275890193,0.004639608780500454,53.55898658277614,136.6584829089552,155.11984412332012,-18.461361214364928,194.84703853982984,0.04277864992150704,295050.0
2025-12-04,25981.849609375,26098.25,25938.94921875,26033.75,248100,0.0018375278996383138,0.0018358417105443499,0.004537435635224853,55.24361167031109,125.82002053573524,149.25987940580313,-23.439858870067894,192.30802016198487,-0.06624012043658256,288860.0
2025-12-05,25999.80078125,26202.599609375,25985.349609375,26186.44921875,249300,0.005865433091659877,0.005848298407896911,0.004642497599920686,60.21389476078801,128.0756356075908,145.02303064616066,-16.94739503856985,194.08959015041452,0.0048367593712213,286045.0
2025-12-08,26159.80078125,26178.69921875,25892.25,25960.55078125,320700,-0.00862653945989178,-0.008663963433110109,0.005125256616231416,51.162084924763676,110.36291581366095,138.09100767966072,-27.728091865999772,201.24027790752777,0.286401925391095,289900.0
2025-12-09,25867.099609375,25923.650390625,25728.0,25839.650390625,276000,-0.004657081109092687,-0.004667959097577137,0.005172850782133569,47.08266078945259,85.58325614390196,127.58945737250897,-42.00620122860701,203.4767424319901,-0.13938260056127216,288815.0
2025-12-10,25864.05078125,25947.650390625,25734.55078125,25758.0,207900,-0.0031598875909956137,-0.003164890577820058,0.004972391552946266,44.50191867731431,58.680263633192226,113.80761862464563,-55.1273549914534,204.16409007077652,-0.24673913043478257,283580.0
2025-12-11,25771.400390625,25922.80078125,25693.25,25898.55078125,206100,0.0054565875164998,0.005441754277616313,0.005131829238937824,49.62100861097864,48.14572767883874,100.67524043548426,-52.529512756645516,205.97742515500678,-0.008658008658008698,274625.0
2025-12-12,25971.19921875,26057.599609375,25938.44921875,26046.94921875,216300,0.005729990019651465,0.0057136360690816825,0.005282737467329106,54.40322939801253,51.18155660145203,90.77650366867782,-39.59494706722579,202.6253825100063,0.04949053857350805,259495.0
2025-12-15,25930.05078125,26047.150390625,25904.75,26027.30078125,181600,-0.0007543469807149705,-0.0007546316435640039,0.005212942667013621,53.67670636273644,51.4093927191534,82.90308147877295,-31.493688759619545,198.323597375363,-0.1604253351826167,254485.0
2025-12-16,25951.5,25980.75,25834.349609375,25860.099609375,264400,-0.006424068837574293,-0.006444791966669916,0.005340125445218433,47.823881718165346,37.66404955388498,73.85527509379536,-36.19122553991038,197.93985269676566,0.45594713656387675,253705.0
2025-12-17,25902.400390625,25929.150390625,25770.349609375,25818.55078125,206500,-0.001606677033445636,-0.0016079691231565723,0.005182946541996978,46.46795154093237,23.15124967877273,63.71447001079083,-40.563220332018105,195.1442047362824,-0.21898638426626327,251525.0
2025-12-18,25764.69921875,25902.349609375,25726.30078125,25815.55078125,197600,-0.00011619552256891819,-0.00011620227379163036,0.005002510616163322,46.36573132921675,11.277674281707732,53.227110864974215,-41.94943658326648,193.78024926404797,-0.043099273607748234,249385.0
2025-12-19,25911.5,25993.349609375,25880.44921875,25966.400390625,382900,0.005843362036054733,0.005826355812965194,0.005112557453251694,52.07467706330196,13.88008206284212,45.3577051045478,-31.477623041705677,192.6387191826874,0.9377530364372471,256750.0
2025-12-22,26055.849609375,26180.69921875,26047.80078125,26172.400390625,253000,0.00793332910611566,0.00790202570190833,0.0053264650027820635,58.56141280256768,32.19387639777415,42.72493936319307,-10.531062965418926,194.18586982142403,-0.3392530686863411,246165.0
2025-12-23,26205.19921875,26233.55078125,26119.05078125,26177.150390625,216600,0.00018148889399149937,0.00018147242687454733,0.005270629457980795,58.70022254291742,46.55432635935722,43.4908167624259,3.0635095969313184,188.4940219770366,-0.1438735177865612,243970.0
2025-12-24,26170.650390625,26236.400390625,26123.0,26142.099609375,188800,-0.0013389838361685946,-0.0013398810760412456,0.004496723896949776,57.17815503262558,54.47878379240137,45.688410168420994,8.79037362398038,183.13019116617684,-0.1283471837488458,239645.0
2025-12-26,26121.25,26144.19921875,26008.599609375,26042.30078125,142200,-0.0038175521330050532,-0.0038248575837020187,0.004569693533785155,52.96690356380303,52.10540336908525,46.971808808553845,5.133594560531407,179.73514960966423,-0.24682203389830504,234740.0
2025-12-29,26063.349609375,26106.80078125,25920.30078125,25942.099609375,234300,-0.003847631310177624,-0.0038550524856079535,0.00463728328451745,49.05993390282125,41.65886763578965,45.909220574001004,-4.250352938211357,180.21835320897395,0.6476793248945147,236330.0
2025-12-30,25940.900390625,25976.75,25878.0,25938.849609375,396900,-0.00012527898855285713,-0.00012528683662081574,0.004636199847179607,48.93385566382872,32.74025567795252,43.27542759479131,-10.535171916838792,174.39918512261866,0.6939820742637643,245485.0
2025-12-31,25971.05078125,26187.94921875,25969.0,26129.599609375,246300,0.0073538342244390265,0.007326926621050068,0.004786333128470513,56.06966955158195,40.59615507648414,42.73957309112988,-2.1434180146457393,179.73492971207446,-0.3794406651549509,245060.0
2026-01-01,26173.30078125,26197.55078125,26113.400390625,26146.55078125,425600,0.0006487344669803274,0.0006485241297397655,0.004764653954189196,56.64939909390267,47.64065800180833,43.71979007326557,3.920867928542762,172.90746263442628,0.7279740154283394,253055.0
2026-01-02,26155.099609375,26340.0,26118.400390625,26328.55078125,357500,0.006960765170238581,0.00693665088228735,0.004982288368277283,62.3884323472671,67.1354604874432,48.4029241561011,18.732536331342097,176.38547311589585,-0.16000939849624063,258525.0
2026-01-05,26333.69921875,26373.19921875,26210.05078125,26250.30078125,338800,-0.0029720587604740167,-0.002976484097528138,0.004879282836903773,58.785067150710184,75.40192442362604,53.8027242096061,21.599200214019945,175.4399705719033,-0.05230769230769228,263000.0
2026-01-06,26189.69921875,26273.94921875,26124.75,26178.69921875,383000,-0.0027276473171363724,-0.0027313741255683985,0.004481142782448639,55.619482117060834,75.30741198703254,58.10366176509139,17.20375022194115,173.56563115605306,0.1304604486422669,266115.0
2026-01-07,26143.099609375,26187.150390625,26067.900390625,26140.75,338200,-0.001449622016468255,-0.0014506737349826563,0.00434460963571871,53.96092150906759,71.34787155110462,60.75250372229404,10.59536782881058,169.68594321633498,-0.11697127937336815,269225.0
2026-01-08,26106.5,26133.19921875,25858.44921875,25876.849609375,328500,-0.010095364158449915,-0.010146667926064248,0.004905564325137765,44.11025065354498,46.38070333575888,57.87814364498701,-11.497440309228132,177.72986021873962,-0.0286812536960378,275255.0
2026-01-09,25840.400390625,25940.599609375,25623.0,25683.30078125,348800,-0.007479613285493514,-0.007507725861466694,0.005034390832816856,38.55165958463047,10.851184076323989,48.47275173125441,-37.62156765493042,187.72055658704392,0.061796042617960456,282390.0
2026-01-12,25669.05078125,25813.150390625,25473.400390625,25790.25,275800,0.004164153963733375,0.00415550786875295,0.004945798512163953,42.838162599969195,-8.577432469686755,37.062714891066186,-45.64014736075294,198.57980254511222,-0.20928899082568808,285365.0
2026-01-13,25897.349609375,25899.80078125,25603.30078125,25732.30078125,339500,-0.002246942885392733,-0.002249471049361169,0.004961196535462244,41.16263792958842,-28.32426422260687,23.985319068331577,-52.30958329093845,205.57410236331847,0.2309644670050761,293260.0
2026-01-14,25648.55078125,25791.75,25603.94921875,25665.599609375,393100,-0.00259211846006413,-0.002595483815978393,0.004793109642802692,39.25922808909005,-48.793536267228774,9.429548001219505,-58.223084268448275,204.30457942665288,0.15787923416789407,299695.0
2026-01-16,25696.05078125,25873.5,25662.400390625,25694.349609375,434000,0.0011201764399650926,0.0011195495104741853,0.004795058558664676,40.535594195614486,-61.98121623076804,-4.852604845178005,-57.128611385590034,204.78993870867768,0.10404477232256415,311070.0
2026-01-19,25653.099609375,25653.30078125,25494.349609375,25585.5,443100,-0.004236324757381116,-0.004245323404225256,0.004877579250363518,37.336667977891594,-80.29026519814943,-19.940136915772293,-60.350128282377135,204.4478002294864,0.020967741935483897,323345.0
2026-01-20,25580.30078125,25585.0,25171.349609375,25232.5,409800,-0.013796877137441155,-0.013892938636022806,0.005496402314908966,29.26958158683007,-121.87951706491731,-40.328012945601294,-81.55150411931601,219.4265566863088,-0.07515233581584291,324690.0
2026-01-21,25141.0,25300.94921875,24919.80078125,25157.5,395600,-0.0029723570791637677,-0.0029767833055262707,0.005043547079326293,27.890745884031674,-159.05765437289665,-64.07394123106036,-94.98371314183629,230.97811960157247,-0.034651049292337754,331820.0
2026-01-22,25344.150390625,25435.75,25168.5,25289.900390625,486400,0.00526285960946038,0.005249059162526262,0.005279491758424851,33.81793778088279,-175.8113472637924,-86.42142243760678,-89.38992482618563,234.35468248717444,0.22952477249747227,345310.0
2026-01-23,25344.599609375,25347.94921875,25025.30078125,25048.650390625,393900,-0.009539381186706164,-0.009585172530157553,0.005562266688409846,29.120886372822994,-206.17892605564703,-110.37292316121484,-95.80600289443218,240.66137927380487,-0.19017269736842102,355565.0
2026-01-27,25063.349609375,25246.650390625,24932.55078125,25175.400390625,618700,0.005060152863462841,0.0050473933153695125,0.005770417938054979,34.28513499287635,-217.51046013980158,-131.8004305569322,-85.71002958286937,245.90696713817596,0.5707032241685708,379390.0
2026-01-28,25258.849609375,25372.099609375,25187.650390625,25342.75,574900,0.006647346488174222,0.006625350304204862,0.006033589561305678,40.4539692253019,-210.55986461296925,-147.55231736813963,-63.007547244829624,242.392127967592,-0.07079359948278652,396420.0
2026-01-29,25345.0,25458.150390625,25159.80078125,25418.900390625,582400,0.0030048195489833507,0.003000314101836464,0.0061021285663300714,43.07270766765674,-196.64002368467845,-157.3698586314474,-39.27016505323104,246.389090925264,0.013045747086449788,405695.0
2026-01-30,25247.55078125,25370.69921875,25213.650390625,25320.650390625,508400,-0.003865234077404689,-0.003872723399525638,0.005803120938525148,40.592273047933766,-191.3308602943107,-164.16205896402008,-27.16880133029062,243.45058443060228,-0.12706043956043955,418800.0
2026-02-02,24796.5,25108.099609375,24679.400390625,25088.400390625,449200,-0.00917235522852089,-0.00921468029121448,0.0060195094124140085,35.40230173932687,-203.51791621018856,-172.0332304132538,-31.48468579693477,271.86482839984495,-0.11644374508261213,419980.0
2026-02-03,26308.05078125,26341.19921875,25641.30078125,25727.55078125,637300,0.025475932330218942,0.025156829049839922,0.008372499366210134,53.153591294719284,-159.76053095242605,-169.57869052108825,9.818159568662196,341.93154266592745,0.41874443455031174,433970.0
2026-02-04,25675.05078125,25818.55078125,25563.94921875,25776.0,429800,0.0018831648283172964,0.0018813938963879184,0.008387314895612265,54.18142497830379,-119.79215148036019,-159.62138271294265,39.82923123258246,335.6936869397898,-0.32559234269574766,438520.0
2026-02-05,25755.900390625,25757.650390625,25579.5,25642.80078125,343800,-0.00516756745616076,-0.005180965509696233,0.008433047317259993,50.876487517117454,-97.73832003950884,-147.2447701782559,49.506450138747056,325.7512807298048,-0.20009306654257797,436560.0
2026-02-06,25605.80078125,25703.94921875,25491.900390625,25693.69921875,375500,0.0019849016468285186,0.001982934332408332,0.008459032386983876,52.0793689129144,-75.28557594722224,-132.85293133204917,57.567355384826925,317.6296769723188,0.09220477021524132,438425.0
2026-02-09,25888.69921875,25922.25,25780.900390625,25867.30078125,359400,0.006756581098813275,0.006733857702297746,0.008325009721479388,56.03381819170808,-42.98788170458283,-114.8799214065559,71.89203970197306,311.2668987064389,-0.042876165113182374,439970.0
2026-02-10,25922.650390625,25989.44921875,25870.44921875,25935.150390625,460900,0.0026229876069705504,0.0026195535786092045,0.008151692592918841,57.50963465675699,-11.781025562006107,-94.26014223764595,82.47911667563984,297.7584371916933,0.2824151363383416,445575.0
2026-02-11,25997.44921875,26009.400390625,25899.80078125,25953.849609375,331400,0.0007209990483325601,0.0007207392533858182,0.008106413329562323,57.92877508279918,14.294722775481205,-72.54916923502051,86.84389201050172,284.3185209190724,-0.2809720112822738,448355.0
2026-02-12,25906.69921875,25906.69921875,25752.400390625,25807.19921875,419400,-0.00565042923620962,-0.005666453301894332,0.008198813439638733,53.47371194981854,22.86293065071368,-53.46674925787367,76.32967990858735,278.39928504985295,0.2655401327700664,452350.0
2026-02-13,25571.150390625,25630.349609375,25444.30078125,25471.099609375,453500,-0.01302348257655217,-0.013109031702560043,0.008705199432894379,44.94290481672745,2.504002960075013,-42.27259881428394,44.77660177435895,284.43493879629204,0.08130662851692905,455370.0
2026-02-16,25423.599609375,25697.0,25372.69921875,25682.75,275800,0.008309432803093486,0.008275099528577884,0.008914614049542902,50.31798271587606,3.4085323353865533,-33.13637258434984,36.544904919736396,287.28249897155695,-0.39184123484013234,447460.0
2026-02-17,25637.94921875,25764.400390625,25570.30078125,25725.400390625,344100,0.00166066292063749,0.0016592855446634625,0.008865041894741509,51.34873481814146,7.480675886297831,-25.012962890220308,32.49363877651814,280.6265782860886,0.24764321972443804,442510.0
2026-02-18,25752.650390625,25828.05078125,25645.150390625,25819.349609375,310200,0.003652002197183979,0.0036453498285502696,0.00823510427372233,53.63085713988405,18.080376450270705,-16.394295022122108,34.474671472392814,273.6461363102966,-0.0985178727114211,437530.0
2026-02-19,25873.349609375,25885.30078125,25388.75,25454.349609375,298200,-0.014136684522350174,-0.014237559265090531,0.00889091360659565,44.832152386814364,-2.937868138644262,-13.70300964542654,10.765141506782278,289.56789666313256,-0.03868471953578334,432660.0
2026-02-20,25406.55078125,25663.55078125,25379.75,25571.25,296600,0.004592550680687868,0.00458203709696536,0.0088737377205427,47.786712475199764,-10.046286520118883,-12.971665020365009,2.9253785002461257,289.15595984790883,-0.005365526492287054,423170.0
2026-02-23,25678.400390625,25771.44921875,25609.349609375,25713.0,313700,0.00554333479982394,0.00552802706402003,0.00860435552484853,51.19959986147227,-4.19338027745107,-11.216008071782223,7.022627794331154,282.8019069123439,0.057653405259608936,419160.0
2026-02-24,25641.80078125,25641.80078125,25327.599609375,25424.650390625,439100,-0.011214156627970318,-0.011277509359324957,0.008996426053873803,44.78648676674737,-22.562230205247033,-13.485252498475187,-9.076977706771846,290.1303700346765,0.3997449792795664,410180.0
2026-02-25,25512.599609375,25652.599609375,25428.19921875,25482.5,414200,0.002275335490801167,0.0022727508349003555,0.008892305786303028,46.24133129105031,-32.08187620759054,-17.20457724029826,-14.87729896729228,285.6888592286282,-0.056706900478251,402145.0
2026-02-26,25556.30078125,25572.94921875,25400.94921875,25496.55078125,405200,0.0005513894339252978,0.000551237474627977,0.008869634268814038,46.609308964076156,-38.05382284808729,-21.374426361856067,-16.679396486231227,277.5682264265833,-0.021728633510381457,393285.0
2026-02-27,25459.849609375,25476.400390625,25141.30078125,25178.650390625,438900,-0.012468368500212268,-0.012546750821351201,0.009279418621511016,39.94689959877203,-67.65861194279933,-30.631263478044723,-37.0273484647546,283.11692453897024,0.08316880552813433,389810.0
2026-03-02,24659.25,24989.349609375,24603.5,24865.69921875,519200,-0.012429227421638323,-0.012507116341135643,0.009473421519232464,34.689963512452465,-115.04697480825416,-47.514405744086616,-67.53256906416755,303.9764578308295,0.1829573934837092,393310.0
2026-03-04,24388.80078125,24602.44921875,24305.400390625,24480.5,599000,-0.015491187895474101,-0.015612430100429392,0.007935903866004722,29.537480529719986,-181.59167570217687,-74.32985973570467,-107.2618159664722,322.2851985661274,0.15369799691833586,391395.0
2026-03-05,24615.94921875,24854.19921875,24529.400390625,24765.900390625,504300,0.011658274570576665,0.011590840491558407,0.008494360437413103,37.003405863648155,-208.89143383756164,-101.24217455607607,-107.64925928148557,325.95762857926115,-0.15809682804674452,395120.0
2026-03-06,24656.400390625,24700.900390625,24415.75,24450.44921875,433400,-0.012737318930444053,-0.012819134056590225,0.008810774854553652,32.85917115026558,-253.0638001178486,-131.60649966843056,-121.45730044941803,327.6856830110996,-0.14059091810430302,399600.0
2026-03-09,23868.05078125,24078.150390625,23697.80078125,24028.05078125,526900,-0.017275692308183932,-0.017426658301668632,0.009356865565958335,28.290244488826048,-318.48346329907145,-168.98189239455874,-149.5015709045127,358.0401654745925,0.2157360406091371,407170.0
2026-03-10,24280.80078125,24303.80078125,24079.94921875,24261.599609375,444300,0.009719840791548862,0.009672907019832675,0.009544782994167014,33.77339476958866,-347.47806823963765,-204.68112756357453,-142.79694067606312,352.1622965121216,-0.156765989751376,411415.0
2026-03-11,24231.849609375,24299.0,23834.30078125,23866.849609375,407400,-0.01627056774308744,-0.016404386958885315,0.009876038329336123,29.64707493129376,-397.7248035265293,-243.28986275616552,-154.43494077036377,360.2006481005415,-0.08305199189736667,408740.0
2026-03-12,23674.849609375,23833.150390625,23556.30078125,23639.150390625,501000,-0.009540396930332928,-0.009586198057198514,0.009877115855863197,27.555736672060263,-450.72346767122144,-284.7765837391767,-165.94688393204473,356.65408953086,0.22974963181148755,417220.0
2026-03-13,23462.5,23492.400390625,23112.0,23151.099609375,519800,-0.02064586811222946,-0.020861973679950938,0.01052117911281024,23.697161885641677,-526.0430136658215,-333.0298697245057,-193.01314394131578,368.83239675186996,0.0375249500998005,422240.0
2026-03-16,23116.099609375,23502.0,22955.25,23408.80078125,540300,0.011131271353117311,0.011069774688696974,0.01097192686875004,29.32470211606497,-558.5019033562821,-378.12427645086103,-180.3776269054211,381.54079698387926,0.0394382454790303,426580.0
2026-03-17,23493.19921875,23656.80078125,23346.599609375,23581.150390625,458800,0.007362598835607637,0.007335627211391066,0.010917485342995697,32.88959409971412,-563.8192765441818,-415.2632764695252,-148.5560000746566,376.4451094761022,-0.15084212474551173,435730.0
2026-03-18,23632.900390625,23862.25,23618.44921875,23777.80078125,382900,0.008339304375208911,0.008304724491583992,0.011204742245379642,36.80630630846443,-545.8728081196678,-441.3851827995537,-104.48762532011403,369.63471661173776,-0.1654315605928509,437670.0
2026-03-19,23197.75,23378.69921875,22930.349609375,23002.150390625,550100,-0.03262077926216955,-0.03316469831760482,0.012803054685713399,29.494445472233693,-587.4666568042303,-470.6014776004891,-116.8651792037412,403.7644634162565,0.4366675372159834,449665.0
2026-03-20,23110.150390625,23345.150390625,23067.599609375,23114.5,663300,0.004884308965338757,0.004872419427371909,0.012851395118758635,31.613614347003022,-604.3972912729987,-497.36064033499105,-107.03665093800765,399.4241446008096,0.20578076713324855,467920.0
2026-03-23,22824.349609375,22851.69921875,22471.25,22512.650390625,550300,-0.026037751600726855,-0.02638273543442679,0.013507384113507282,26.941943329429208,-658.7851100089465,-529.6455342697822,-129.13957573916434,416.84027712932317,-0.17036031961405096,480605.0
2026-03-24,22878.44921875,23057.30078125,22624.19921875,22912.400390625,538100,0.017756683156527453,0.017600874978779452,0.014312822146898456,33.92608897979227,-662.0002373945572,-556.1164748947372,-105.88376249982002,425.96957095044297,-0.02216972560421593,491825.0
2026-03-25,23064.400390625,23465.349609375,23063.19921875,23306.44921875,505400,0.01719805962740728,0.0170518470014907,0.0151178284939161,40.01365677958581,-625.5409550411823,-570.0013709240262,-55.539584117156096,435.03954579326853,-0.06076937372235647,495140.0
2026-03-27,23173.55078125,23186.099609375,22804.55078125,22819.599609375,612600,-0.02088905112938999,-0.0211103140979646,0.015478610846057178,35.64415796676654,-628.6843242581526,-581.7379615908516,-46.94636266730106,439.81518091517796,0.21210922041946967,505060.0
2026-03-30,22549.650390625,22714.099609375,22283.849609375,22331.400390625,698600,-0.02139385559374285,-0.021626021374847804,0.01581167909230536,31.884177886604505,-662.9272512172283,-597.9758195161269,-64.95143170110146,446.6676679926653,0.14038524322559587,519730.0
2026-04-01,22899.0,22941.30078125,22618.599609375,22679.400390625,518000,0.015583438293735208,0.0154632634032261,0.016485893965352758,36.98682347464176,-654.4403449747078,-609.2687246078431,-45.17162036686477,458.3271481806893,-0.2585170340681363,523685.0
2026-04-02,22383.400390625,22782.30078125,22182.55078125,22713.099609375,495100,0.0014858954897207788,0.0014847926393626724,0.01645754958938184,37.47527834171478,-637.6447930613467,-614.9439382985438,-22.70085476280292,468.4287804534972,-0.04420849420849415,522480.0
2026-04-06,22780.30078125,22998.349609375,22542.94921875,22968.25,426400,0.01123362266767347,0.01117099412238686,0.01659717878839598,41.192245735722665,-596.8654002239637,-611.3282306836278,14.462830459664133,467.49818118003316,-0.13875984649565742,513850.0
2026-04-07,22838.69921875,23153.849609375,22719.30078125,23123.650390625,477000,0.0067658785769486585,0.006743092740219248,0.016404261335182156,43.3992331254767,-545.717236210643,-598.2060317890309,52.48879557838791,465.1446559618165,0.11866791744840532,512485.0
2026-04-08,23855.150390625,24025.150390625,23828.5,23997.349609375,639300,0.03778379295615997,0.03708747109816642,0.018555650402880954,53.87913517623211,-429.72808471917233,-564.5104423750593,134.78235765588693,496.31289482168677,0.34025157232704406,522780.0
2026-04-09,23909.05078125,23990.75,23682.80078125,23775.099609375,466600,-0.009261439434677166,-0.009304593215623836,0.018262288144179652,51.278184853340086,-351.68555195840236,-521.9454642917278,170.25991233332547,483.32974720049486,-0.27013921476615044,519765.0
2026-04-10,23880.55078125,24074.05078125,23856.349609375,24050.599609375,481300,0.011587753764504383,0.011521129932275736,0.018321211037925715,54.22787905826038,-264.55609692408325,-470.46759081819897,205.91149389411572,470.15984896295953,0.031504500642949074,521615.0
2026-04-13,23589.599609375,23907.400390625,23555.599609375,23842.650390625,488800,-0.008646321593950623,-0.008683917902558702,0.018046341953749472,51.684370855360235,-209.86593624849047,-418.34725990425727,208.4813236557668,471.93414546560524,0.015582796592561898,525685.0
2026-04-15,24163.80078125,24280.900390625,24145.80078125,24231.30078125,460300,0.016300637062472756,0.01616920800628811,0.018247901797059436,55.85216651842642,-133.62243519925323,-361.4022949632565,227.77985976400328,469.5281350752049,-0.05830605564648117,523650.0
2026-04-16,24385.19921875,24400.94921875,24102.80078125,24196.75,508000,-0.0014258739785333319,-0.0014268915041919185,0.01751176471059567,55.394688375326396,-75.12092336353089,-304.1460206433114,229.02509727978048,457.2867281055474,0.10362806865087992,523060.0
2026-04-17,24165.900390625,24371.900390625,24096.05078125,24353.55078125,498600,0.006480241406387144,0.0064593349128548826,0.01741908141763932,57.11158959511015,-15.922002214589156,-246.50121695756692,230.57921474297777,444.32693391050833,-0.018503937007874005,520975.0
2026-04-20,24391.5,24480.650390625,24241.25,24364.849609375,415900,0.00046394992773279853,0.0004638423362418336,0.01737556487193367,57.23931381553203,31.541697250700963,-190.89263411591338,222.43433136661434,429.6893236758292,-0.16586442037705573,518830.0
2026-04-21,24374.55078125,24601.69921875,24354.900390625,24576.599609375,425800,0.008690798564113589,0.00865325096320232,0.017382779744525217,59.663711945685435,85.26064472634243,-135.66197834746222,220.92262307380466,416.62571685077,0.023803798990141845,520975.0
2026-04-22,24470.849609375,24515.94921875,24352.900390625,24378.099609375,440500,-0.00807678861823835,-0.00810958257469758,0.015547468545729661,56.43359133451672,110.54175007362574,-86.42123266324464,196.96298273687037,402.84525270071504,0.0345232503522781,515495.0
2026-04-23,24202.349609375,24310.19921875,24134.80078125,24173.05078125,467500,-0.008411190019346093,-0.008446763696540498,0.015742784775872796,53.22784734791537,112.73197737479131,-46.590590655637456,159.32256803042878,391.4490795167354,0.061293984108967026,505705.0
2026-04-24,24100.55078125,24206.0,23813.650390625,23897.94921875,438400,-0.011380506539678703,-0.011445760055327719,0.01462835386642088,49.19052819401211,91.21784873752767,-19.02890277700443,110.24675151453211,391.51340307804,-0.06224598930481284,500110.0
2026-04-27,23945.44921875,24130.69921875,23936.19921875,24092.69921875,430300,0.008149234824183171,0.008116209111611542,0.014279186237751217,51.96802589741647,88.85814283953005,2.5485063463024655,86.30963649322759,380.17316000103716,-0.01847627737226276,494720.0
2026-04-28,24049.900390625,24181.80078125,23957.05078125,23995.69921875,554100,-0.004026115924964935,-0.004034242549507945,0.013923103058130644,50.48764625612828,78.25885026600736,17.690575130243445,60.56827513576391,369.0715057152488,0.2877062514524751,497155.0
2026-04-29,24096.900390625,24334.69921875,24059.94921875,24177.650390625,531100,0.007582657634449097,0.0075540537904852266,0.012916734089100454,53.181782563528735,83.5773458606418,30.867929276323117,52.70941658431868,366.92354102130247,-0.041508752932683635,493080.0
2026-04-30,23996.94921875,24087.44921875,23796.849609375,23997.55078125,505500,-0.007449012061355398,-0.007476894502422098,0.01184641435540134,50.26620444223321,72.42488957169917,39.17932133539833,33.24556823630084,367.91477246620946,-0.04820184522688764,483425.0
2026-05-04,24063.55078125,24290.19921875,24004.75,24119.30078125,419100,0.005073434414612388,0.005060607910890723,0.011521958507520738,52.1749925530127,72.57410598838032,45.85827826599473,26.715827722385598,362.5386056829088,-0.17091988130563796,478480.0
2026-05-05,24052.599609375,24081.69921875,23882.05078125,24032.80078125,363300,-0.0035863394542201554,-0.0035927857866665616,0.011614475194790513,50.68655468890956,64.96367319816272,49.679357252428325,15.284315945734399,353.589419562701,-0.13314244810307807,471890.0
2026-05-06,24171.0,24356.5,23997.900390625,24330.94921875,429200,0.01240589643353629,0.012329573885162747,0.011661094592410765,55.40850546771898,82.04467758533428,56.15242131900952,25.892256266324765,353.9472902635795,0.18139278832920458,472030.0
2026-05-07,24398.5,24482.099609375,24284.0,24326.650390625,440600,-0.00017668148029703623,-0.0001766970903084699,0.011643141871844783,55.32624531050519,94.14932233926811,63.751801523061246,30.397520816206864,342.81531305725235,0.02656104380242308,470210.0
2026-05-08,24233.650390625,24253.80078125,24126.650390625,24176.150390625,335900,-0.006186630612244115,-0.0062058471093194715,0.008474660506065127,52.39358145109468,90.55439361555182,69.11231994155936,21.442073673992454,332.6142192674486,-0.23763050385837492,455040.0
2026-05-11,23970.099609375,23997.44921875,23799.099609375,23815.849609375,390100,-0.014903149402549887,-0.015015317164036516,0.008903194056971597,46.09429122724844,57.963952451777004,66.8826464436029,-8.91869399182589,335.78825940905944,0.16135754688895498,451215.0
2026-05-12,23722.599609375,23757.55078125,23348.400390625,23379.55078125,447500,-0.018319683541890175,-0.018489566950081734,0.009390099330273953,39.846739655566196,-3.034891757182777,52.899138803445766,-55.93403056062854,345.19261364769807,0.14714175852345557,449525.0
2026-05-13,23362.44921875,23582.94921875,23262.55078125,23412.599609375,415400,0.0014135784059419176,0.001412580244529267,0.00924908129293499,40.504553692430555,-48.155049600303755,32.68830112269586,-80.84335072299962,343.42160106571964,-0.07173184357541895,445855.0
2026-05-14,23530.25,23777.19921875,23426.55078125,23689.599609375,428700,0.011831236369372666,0.011761794478008175,0.00886527112739,45.849628564510446,-60.85995902611103,13.978649092934486,-74.83860811904552,344.934315944954,0.03201733269138174,444275.0
2026-05-15,23731.400390625,23839.30078125,23610.30078125,23643.5,408900,-0.0019459851637491088,-0.0019478810528585342,0.008866953283950957,45.12306960614977,-73.79784882238164,-3.5766504901287384,-70.2211983322529,336.65329337745726,-0.04618614415675293,439320.0
2026-05-18,23482.19921875,23695.650390625,23317.099609375,23649.94921875,392000,0.0002727692071817778,0.0002727320124251536,0.008693501365881963,45.253772073860006,-82.57890344826592,-19.377101081756173,-63.201802366509746,339.64597108263894,-0.04133039863047194,433990.0
2026-05-19,23675.30078125,23782.30078125,23587.19921875,23618.0,442000,-0.0013509212410769411,-0.0013518345578153919,0.008681762076932295,44.68596224074382,-91.06623260303604,-33.71492738601215,-57.35130521702389,329.3213704695933,0.12755102040816335,435295.0
2026-05-20,23457.25,23690.900390625,23397.30078125,23659.0,344100,0.0017359640951817301,0.0017344590510618102,0.008386339565609297,45.62877518754511,-93.40740236700003,-45.653422382209726,-47.753979984790305,326.7698161056938,-0.22149321266968325,431210.0
2026-05-21,23830.05078125,23859.900390625,23596.599609375,23654.69921875,348200,-0.00018178203854768427,-0.00018179856290503812,0.008263981797861876,45.541086868015185,-94.52026262517757,-55.426790430803294,-39.09347219437427,322.2363136160014,0.011915140947398983,426595.0
2026-05-22,23671.19921875,23835.650390625,23671.0,23719.30078125,336100,0.002731024474358801,0.0027273020029192283,0.008146946283437392,47.18302508543114,-89.1616067006762,-62.17375368477788,-26.987853015898324,312.1445177773585,-0.034750143595634664,420025.0
2026-05-25,23940.25,24054.44921875,23922.849609375,24031.69921875,351200,0.01317064277657587,0.013084663968970206,0.008327763748549611,54.35061695858817,-59.02646978887424,-61.54429690559716,2.51782711672292,313.7876549004043,0.04492710502826536,415665.0
2026-05-26,24004.099609375,24089.80078125,23885.44921875,23913.69921875,387900,-0.004910181295375682,-0.004922275842741698,0.008191183000367771,51.50729322391168,-44.15675887747784,-58.0667892999733,13.91003042249546,305.9707911575183,0.1044988610478359,413545.0
2026-05-27,23880.349609375,23983.19921875,23858.25,23907.150390625,531600,-0.00027385257567613674,-0.0002738900801400246,0.008145748731911432,51.3467466536215,-32.525903183337505,-52.95861207664615,20.432708893308643,293.04067884269557,0.37045630317092026,412420.0
2026-05-29,23902.150390625,24002.80078125,23484.75,23547.75,1198000,-0.015033175629577955,-0.015147319219471595,0.008580664965108167,43.35920321299189,-51.71286047358808,-52.709461756034536,0.9966012824464556,309.11282901464585,1.253574115876599,445765.0
2026-06-01,23654.5,23733.69921875,23357.94921875,23382.599609375,421700,-0.007013425513053284,-0.007038135182494777,0.00856464101235824,40.2599353147022,-79.33044665713169,-58.03365873625397,-21.29678792087772,313.87262694217117,-0.6479966611018364,441575.0
2026-06-02,23229.150390625,23556.94921875,23229.150390625,23483.55078125,511900,0.00431736306319519,0.004308069989399964,0.008536843604112672,42.94460574083933,-92.01102101994184,-64.82913119299155,-27.181889826950282,314.8673555980875,0.21389613469290958,446215.0
2026-06-03,23415.94921875,23459.650390625,23151.5,23405.599609375,450100,-0.0033193946094914883,-0.003324916021661275,0.008533325331902576,41.397584561918286,-107.1157124108031,-73.28644743655386,-33.82926497424924,316.0947431446527,-0.12072670443445987,450555.0
2026-06-04,23282.44921875,23465.30078125,23247.30078125,23416.55078125,412500,0.00046788683297016576,0.0004677774080569192,0.007925086091702269,41.71524653790927,-116.85558269668036,-82.00027448857915,-34.855308208101206,309.08797577717746,-0.0835369917796045,449720.0
2026-06-05,23478.94921875,23516.349609375,23282.650390625,23366.69921875,366200,-0.0021289028843615165,-0.0021311722194751305,0.007914562342061164,40.63541192057611,-127.13161046827372,-91.02654168451807,-36.105068783755655,303.7030645609505,-0.11224242424242425,446000.0
2026-06-08,23080.69921875,23267.30078125,23070.150390625,23123.0,375700,-0.010429338627102713,-0.01048410529877786,0.008089726694321717,35.761889843338935,-153.174229614473,-103.45607927050905,-49.718150343963956,303.19204767266837,0.02594210813762965,447990.0
2026-06-09,23259.05078125,23279.400390625,23104.44921875,23242.099609375,402600,0.005150698844224255,0.005137479368527299,0.007656491123043765,39.575961955048534,-162.33159224765404,-115.23118186593805,-47.10041038171599,294.03198511569207,0.07159968059622046,448615.0
2026-06-10,23233.94921875,23425.349609375,23184.599609375,23214.94921875,380000,-0.0011681556778996294,-0.0011688385035597795,0.0064911088069376024,39.00737963688032,-169.82207456285323,-126.14936040532109,-43.67271415753214,290.22612903599975,-0.05613512170889223,445240.0
2026-06-11,23104.400390625,23327.44921875,23072.05078125,23161.599609375,363000,-0.0022980713363744965,-0.0023007159547660506,0.0064910476881610635,37.85646844866646,-178.01120106122107,-136.5217285365011,-41.489472524719986,287.7384367834283,-0.044736842105263186,442620.0
2026-06-12,23412.55078125,23645.349609375,23313.900390625,23622.900390625,351900,0.019916620139797336,0.019720878993895297,0.00745698186278055,51.25029465860531,-145.59964296380713,-138.33731142196228,-7.262331541844844,301.73926272746917,-0.03057851239669418,438780.0
2026-06-15,23984.849609375,24011.400390625,23817.80078125,23853.900390625,398900,0.009778646829145199,0.009731145278463154,0.007759201264680111,56.32650019377323,-100.11936647194307,-130.69372243195843,30.574355960015367,307.9364582469357,0.1335606706450696,438280.0
2026-06-16,23923.900390625,24002.599609375,23888.19921875,23989.150390625,327300,0.005669932287180934,0.005653918723145327,0.007845803339409058,59.01727883562567,-52.556535984331276,-115.066285142433,62.50974915810173,296.5623697114403,-0.1794936074204061,435045.0
2026-06-17,24044.5,24108.19921875,23969.69921875,24085.69921875,352700,0.004024687267071059,0.004016609878660483,0.00786329120240183,60.87062809650719,-6.991374401623034,-93.45130299427102,86.45992859264798,285.2722004463374,0.07760464405743961,430580.0
2026-06-18,24073.80078125,24189.25,24036.94921875,24168.0,340000,0.0034169978003351087,0.0034111731281746415,0.007880672279004365,62.43030893336254,35.352804538120836,-67.69048148779265,103.04328602591349,275.7742419323133,-0.03600793875815145,430375.0
2026-06-19,23991.19921875,24047.19921875,23901.900390625,24013.099609375,447900,-0.006409317718677587,-0.006429945583083175,0.008054595979349231,57.763504200771955,55.76883602750968,-42.99861798473219,98.76745401224187,275.0831967496481,0.3173529411764706,435360.0
2026-06-22,24106.599609375,24168.05078125,24073.150390625,24102.900390625,252800,0.0037396580495980825,0.003732682912776634,0.00807069473060313,59.64678290220105,78.29235508868805,-18.74042337004814,97.0327784587362,266.5023378300304,-0.43558830096003576,431195.0
2026-06-23,24071.30078125,24135.5,23784.94921875,23824.099609375,340100,-0.011567105067506356,-0.011634524429481118,0.007983025329845461,51.90820309820255,72.80624809857181,-0.4310890763241506,73.23733717489597,272.505798074314,0.34533227848101267,430640.0
2026-06-24,23795.80078125,24090.05078125,23789.25,24021.650390625,395600,0.008292056551520766,0.008257866325424086,0.008135555979982893,56.24048028897934,83.43735197413844,16.342599133768367,67.09475284037006,274.5268683011487,0.16318729785357244,431025.0
2026-06-25,24125.849609375,24261.599609375,24039.0,24056.0,448800,0.0014299437722400388,0.0014289223762208004,0.008138967419230736,56.966386942058975,93.55585117751252,31.7852495425172,61.77060163499532,272.05703619035233,0.134479271991911,426885.0
2026-06-29,24061.75,24120.0,23924.55078125,23946.25,588500,-0.004562271366810755,-0.004572710289054184,0.007391057189878462,53.89038285093027,91.66230096730578,43.76065982747492,47.901641139830865,266.5850492303272,0.3112745098039216,396410.0
2026-06-30,24032.05078125,24035.55078125,23829.19921875,23865.75,449000,-0.0033616954637991636,-0.003367358657511833,0.0072289503114056,51.685853134822075,82.71251318475697,51.551030498931325,31.161482685825646,262.2826573210181,-0.23704333050127446,397775.0
2026-07-01,23897.650390625,24049.900390625,23895.099609375,24005.849609375,352100,0.0058703208311072785,0.005853157634003401,0.007274024810816316,55.12635474983766,85.93401566213288,58.42762753157164,27.50638813056124,256.7017811284454,-0.21581291759465482,389785.0
2026-07-02,24062.19921875,24194.55078125,24058.80078125,24175.69921875,372900,0.007075342557701703,0.007050429763556748,0.00731172605410606,58.94352412461663,101.02793640609525,66.94768930647636,34.08024709961889,251.84459475319935,0.059074126668560156,385925.0
2026-07-03,24375.650390625,24378.150390625,24252.349609375,24270.849609375,326600,0.003935786500487426,0.003928061555321314,0.007323989887238284,60.94766301340288,119.29268682336988,77.41668880985507,41.8759980135148,248.31649311904224,-0.12416197371949589,381630.0
2026-07-06,24306.849609375,24458.650390625,24287.099609375,24430.349609375,329400,0.006571669412775316,0.0065501701327115155,0.007336507354173263,64.1103095329399,144.96686237168615,90.9267235222213,54.04013884946485,243.9939422712535,0.008573178199632547,379790.0
2026-07-07,24464.44921875,24530.900390625,24348.94921875,24398.69921875,412600,-0.0012955357222089736,-0.0012963756541323145,0.006764097703770656,63.01966608531291,160.905095673108,104.92239795239863,55.98269772070938,239.56231581437828,0.2525804493017607,381635.0
2026-07-08,24259.55078125,24300.0,23805.19921875,23882.05078125,420500,-0.02117524515827318,-0.021402656722269202,0.008609341092800826,48.51181282998679,130.34451882182475,110.00682212628385,20.3376966955409,264.84357897049415,0.0191468734852156,382530.0
2026-07-09,23928.94921875,24134.69921875,23925.69921875,23962.80078125,384800,0.0033812004144717633,0.003375497008972435,0.008599101237598657,50.432498000689066,111.35723474948827,110.27690465092473,1.080330098563536,263.9724974368874,-0.08489892984542213,382770.0
2026-07-10,24124.69921875,24228.44921875,24120.349609375,24206.900390625,313100,0.01018660596494203,0.010135072168571098,0.008751574478024845,55.80008677149362,114.68446267999752,111.1584162567393,3.5260464232582223,264.0922074413955,-0.18633056133056136,380275.0
2026-07-13,24039.400390625,24259.80078125,24000.19921875,24211.0,322700,0.0001693570555851842,0.0001693427162979961,0.00772391351937172,55.88648680794781,116.31135411210562,112.18900382781257,4.122350284293049,263.77144708843866,0.030661130629191957,378815.0
2026-07-14,24068.0,24157.099609375,24023.69921875,24052.05078125,355800,-0.006565165369047166,-0.0065868108566920726,0.007639997588246141,51.66927440479508,103.58078887672309,110.46736083759467,-6.886571960871578,258.30925667140735,0.10257204834211331,376660.0
2026-07-15,24085.849609375,24220.349609375,24010.55078125,24078.5,306900,0.0010996658451518648,0.001099061655563571,0.007542837379224194,52.314108080658805,94.53620064243296,107.28112879856234,-12.744928156129376,254.8442260609497,-0.13743676222596968,375640.0
2026-07-16,24142.099609375,24186.5,24050.0,24072.75,264300,-0.00023880225097083763,-0.00023883076876853854,0.007488918113225282,52.15120532733244,85.91395971080783,103.00769498101144,-17.09373527020361,246.39106705659614,-0.13880742913000976,371220.0
2026-07-17,24127.599609375,24367.30078125,24099.05078125,24334.30078125,387800,0.010865014643113069,0.010806414450711182,0.007841857007200364,58.484032335075014,99.04401606397005,102.21495919760318,-3.1709431336331306,249.83104664183927,0.46727203934922446,373610.0
2026-07-20,24190.05078125,24266.099609375,24135.849609375,24238.5,353100,-0.003936861885253551,-0.003944631725234211,0.007748013292521692,55.58227777717964,100.56016295246809,101.88399994857616,-1.3238369961080707,246.16105558706502,-0.08947911294481692,368870.0
2026-07-21,24216.05078125,24262.19921875,24135.650390625,24187.69921875,315600,-0.002095871495760848,-0.002098070908085292,0.007728345399706299,54.05079719633853,96.5495585864519,100.81711167615131,-4.267553089699419,237.6173250540604,-0.10620220900594735,372010.0
2026-07-22,24150.44921875,24166.30078125,23961.400390625,23996.25,304700,-0.0079151479856997,-0.007946639050547172,0.007471457349019484,48.61443608592338,77.03476496821895,96.06064233456485,-19.025877366345895,236.80886098769895,-0.034537389100126714,370240.0
2026-07-23,23904.80078125,23990.75,23807.19921875,23869.599609375,344000,-0.0052779242850445884,-0.005291901730381726,0.007330608479880462,45.36390555596143,50.76434262523253,87.00138239269839,-36.23703976746586,233.39756957786332,0.1289793239251722,367660.0
2026-07-24,23666.349609375,23823.599609375,23606.30078125,23767.44921875,333900,-0.004279518395644999,-0.00428870174406507,0.0073702980220264145,42.8739007965717,21.454842761067994,73.8920744663723,-52.43723170530431,235.53337375980166,-0.0293604651162791,361915.0
2026-07-27,23928.400390625,24011.599609375,23891.55078125,23995.94921875,319400,0.009613989195766948,0.009568068885288541,0.007642709306020348,49.545371842013935,16.47497998702238,62.408655570502326,-45.933675583479946,236.14887496445868,-0.04342617550164718,348460.0
2026-07-28,23971.25,24041.150390625,23954.599609375,23985.349609375,437800,-0.0004417249460887396,-0.0004418225352921867,0.007600660355904534,49.25799477786303,11.54007615422961,52.23493968724779,-40.69486353301818,225.46329684199736,0.37069505322479657,347900.0
2026-07-29,24176.650390625,24283.55078125,24136.75,24250.19921875,424200,0.011042140877174367,0.010981621540740824,0.007880985061420109,56.1085135419815,28.669791834756325,47.521910116749496,-18.85211828199317,230.6588593443547,-0.031064412973960676,351505.0
2026-07-30,24249.55078125,24342.94921875,24187.099609375,24317.150390625,400600,0.0027608503860552247,0.002757046238807193,0.007750747705026009,57.66449393391866,47.104622197453864,47.43845253289037,-0.33383033543650953,225.3153414894008,-0.055634134842055594,352890.0
2026-07-31,24361.44921875,24429.400390625,24299.69921875,24383.599609375,411700,0.0027326071386892803,0.0027288803554812308,0.007725734577456612,59.21007955410133,66.3118529266576,51.213132611643815,15.098720315013779,218.48575794551505,0.027708437343983983,357145.0
